Event,Timestamp
Link captured,2025-06-02 18:27:47
Link captured,2025-06-02 18:28:15
Data appended to CSV,2025-06-02 18:28:18
Link captured,2025-06-02 18:28:21
Data appended to CSV,2025-06-02 18:28:24
Link captured,2025-06-02 18:28:27
Data appended to CSV,2025-06-02 18:28:31
Link captured,2025-06-02 18:28:34
Data appended to CSV,2025-06-02 18:28:37
Link captured,2025-06-02 18:28:40
Data appended to CSV,2025-06-02 18:28:44
Link captured,2025-06-02 18:28:47
Data appended to CSV,2025-06-02 18:28:50
Link captured,2025-06-02 18:29:02
Data appended to CSV,2025-06-02 18:29:05
Link captured,2025-06-02 18:29:08
Data appended to CSV,2025-06-02 18:29:11
Link captured,2025-06-02 18:29:20
Data appended to CSV,2025-06-02 18:29:23
Link captured,2025-06-02 18:29:27
Data appended to CSV,2025-06-02 18:29:31
Link captured,2025-06-02 20:34:51
Data appended to CSV,2025-06-02 20:34:54
Link captured,2025-06-02 20:35:02
Data appended to CSV,2025-06-02 20:35:05
Link captured,2025-06-03 10:29:47
Data appended to CSV,2025-06-03 10:29:50
Link captured,2025-06-03 10:29:58
Data appended to CSV,2025-06-03 10:30:01
Link captured,2025-06-03 10:30:06
Link captured,2025-06-03 10:30:16
Data appended to CSV,2025-06-03 10:30:19
Link captured,2025-06-03 10:30:46
Data appended to CSV,2025-06-03 10:30:49
Link captured,2025-06-03 10:31:16
Link captured,2025-06-03 10:31:22
Data appended to CSV,2025-06-03 10:31:25
Link captured,2025-06-03 10:31:40
Data appended to CSV,2025-06-03 10:31:43
Link captured,2025-06-03 10:31:50
Data appended to CSV,2025-06-03 10:31:53
Link captured,2025-06-03 10:32:01
Data appended to CSV,2025-06-03 10:32:04
Link captured,2025-06-03 10:32:30
Data appended to CSV,2025-06-03 10:32:34
Link captured,2025-06-03 10:32:40
Data appended to CSV,2025-06-03 10:32:44
Link captured,2025-06-03 10:32:59
Data appended to CSV,2025-06-03 10:33:03
Link captured,2025-06-03 10:33:09
Data appended to CSV,2025-06-03 10:33:13
Link captured,2025-06-03 10:33:19
Data appended to CSV,2025-06-03 10:33:23
Link captured,2025-06-03 10:33:31
Data appended to CSV,2025-06-03 10:33:34
Link captured,2025-06-03 10:33:42
Data appended to CSV,2025-06-03 10:33:46
Link captured,2025-06-03 10:33:52
Data appended to CSV,2025-06-03 10:33:55
Link captured,2025-06-03 10:34:01
Data appended to CSV,2025-06-03 10:34:04
Link captured,2025-06-03 10:34:09
Data appended to CSV,2025-06-03 10:34:12
Link captured,2025-06-03 10:34:21
Link captured,2025-06-03 10:34:27
Data appended to CSV,2025-06-03 10:34:30
Link captured,2025-06-03 10:34:39
Link captured,2025-06-03 10:34:46
Data appended to CSV,2025-06-03 10:34:49
Link captured,2025-06-03 10:34:54
Data appended to CSV,2025-06-03 10:34:58
Link captured,2025-06-03 10:35:13
Data appended to CSV,2025-06-03 10:35:16
Link captured,2025-06-03 10:36:09
Link captured,2025-06-03 10:36:22
Data appended to CSV,2025-06-03 10:36:25
Link captured,2025-06-04 08:03:04
Link captured,2025-06-04 08:04:39
Data appended to CSV,2025-06-04 08:04:52
Link captured,2025-06-04 08:04:57
Data appended to CSV,2025-06-04 08:05:00
Link captured,2025-06-04 08:05:07
Data appended to CSV,2025-06-04 08:05:11
Link captured,2025-06-04 08:05:17
Data appended to CSV,2025-06-04 08:05:21
Link captured,2025-06-04 08:05:31
Data appended to CSV,2025-06-04 08:05:35
Link captured,2025-06-04 08:05:43
Data appended to CSV,2025-06-04 08:05:46
Link captured,2025-06-04 08:05:51
Data appended to CSV,2025-06-04 08:05:54
Link captured,2025-06-04 08:05:58
Data appended to CSV,2025-06-04 08:06:02
Link captured,2025-06-04 08:06:08
Data appended to CSV,2025-06-04 08:06:11
Link captured,2025-06-04 08:06:19
Data appended to CSV,2025-06-04 08:06:23
Link captured,2025-06-04 08:06:31
Link captured,2025-06-04 08:06:43
Link captured,2025-06-04 08:06:52
Data appended to CSV,2025-06-04 08:06:56
Link captured,2025-06-04 08:07:07
Link captured,2025-06-04 08:07:22
Data appended to CSV,2025-06-04 08:07:35
Link captured,2025-06-04 08:07:49
Data appended to CSV,2025-06-04 08:07:53
Link captured,2025-06-04 08:08:23
Data appended to CSV,2025-06-04 08:08:27
Link captured,2025-06-04 08:08:33
Data appended to CSV,2025-06-04 08:08:36
Link captured,2025-06-04 08:08:41
Data appended to CSV,2025-06-04 08:08:44
Link captured,2025-06-04 08:08:48
Data appended to CSV,2025-06-04 08:08:51
Link captured,2025-06-04 08:08:55
Data appended to CSV,2025-06-04 08:08:58
Link captured,2025-06-04 08:09:04
Data appended to CSV,2025-06-04 08:09:08
Link captured,2025-06-04 08:09:13
Data appended to CSV,2025-06-04 08:09:17
Link captured,2025-06-04 08:09:23
Data appended to CSV,2025-06-04 08:09:26
Link captured,2025-06-04 08:09:31
Data appended to CSV,2025-06-04 08:09:35
Link captured,2025-06-04 08:09:40
Link captured,2025-06-04 08:09:49
Data appended to CSV,2025-06-04 08:09:52
Link captured,2025-06-04 08:10:05
Data appended to CSV,2025-06-04 08:10:08
Link captured,2025-06-04 08:10:12
Data appended to CSV,2025-06-04 08:10:15
Link captured,2025-06-04 08:18:04
Data appended to CSV,2025-06-04 08:18:18
Link captured,2025-06-04 08:18:26
Data appended to CSV,2025-06-04 08:18:29
Link captured,2025-06-04 08:18:35
Data appended to CSV,2025-06-04 08:18:38
Link captured,2025-06-04 08:18:44
Data appended to CSV,2025-06-04 08:18:47
Link captured,2025-06-04 08:18:57
Data appended to CSV,2025-06-04 08:19:00
Link captured,2025-06-04 08:19:08
Data appended to CSV,2025-06-04 08:19:12
Link captured,2025-06-04 08:19:22
Data appended to CSV,2025-06-04 08:19:25
Link captured,2025-06-04 08:19:43
Data appended to CSV,2025-06-04 08:19:47
Link captured,2025-06-04 08:19:55
Data appended to CSV,2025-06-04 08:19:59
Link captured,2025-06-04 08:20:10
Data appended to CSV,2025-06-04 08:20:13
Link captured,2025-06-04 08:20:22
Data appended to CSV,2025-06-04 08:20:25
Link captured,2025-06-04 08:21:45
Data appended to CSV,2025-06-04 08:21:48
Link captured,2025-06-04 08:22:13
Data appended to CSV,2025-06-04 08:22:16
Link captured,2025-06-04 08:22:22
Data appended to CSV,2025-06-04 08:22:25
Link captured,2025-06-04 08:22:32
Data appended to CSV,2025-06-04 08:22:35
Link captured,2025-06-04 08:22:40
Data appended to CSV,2025-06-04 08:22:44
Link captured,2025-06-04 08:22:49
Data appended to CSV,2025-06-04 08:22:53
Link captured,2025-06-04 08:23:05
Data appended to CSV,2025-06-04 08:23:09
Link captured,2025-06-04 08:23:23
Data appended to CSV,2025-06-04 08:23:26
Link captured,2025-06-04 08:23:43
Data appended to CSV,2025-06-04 08:23:46
Link captured,2025-06-04 08:23:50
Data appended to CSV,2025-06-04 08:23:53
Link captured,2025-06-04 15:18:21
Data appended to CSV,2025-06-04 15:18:31
Link captured,2025-06-04 15:23:27
Data appended to CSV,2025-06-04 15:23:30
Link captured,2025-06-04 15:36:05
Data appended to CSV,2025-06-04 15:36:08
Link captured,2025-06-04 15:36:12
Data appended to CSV,2025-06-04 15:36:15
Link captured,2025-06-04 15:37:47
Data appended to CSV,2025-06-04 15:37:50
Link captured,2025-06-04 15:37:53
Data appended to CSV,2025-06-04 15:37:57
Link captured,2025-06-04 15:37:59
Link captured,2025-06-04 15:38:06
Data appended to CSV,2025-06-04 15:38:09
Link captured,2025-06-04 15:55:06
Data appended to CSV,2025-06-04 15:55:09
Link captured,2025-06-04 15:55:21
Data appended to CSV,2025-06-04 15:55:24
Link captured,2025-06-04 15:55:41
Data appended to CSV,2025-06-04 15:55:44
Link captured,2025-06-04 15:55:50
Data appended to CSV,2025-06-04 15:55:53
Link captured,2025-06-04 15:56:02
Data appended to CSV,2025-06-04 15:56:06
Link captured,2025-06-04 15:56:11
Data appended to CSV,2025-06-04 15:56:14
Link captured,2025-06-04 15:56:26
Data appended to CSV,2025-06-04 15:56:30
Link captured,2025-06-04 15:56:36
Data appended to CSV,2025-06-04 15:56:39
Link captured,2025-06-04 15:56:45
Data appended to CSV,2025-06-04 15:56:48
Link captured,2025-06-04 15:57:00
Data appended to CSV,2025-06-04 15:57:04
Link captured,2025-06-04 15:57:12
Data appended to CSV,2025-06-04 15:57:16
Link captured,2025-06-04 15:57:26
Data appended to CSV,2025-06-04 15:57:29
Link captured,2025-06-04 15:57:35
Data appended to CSV,2025-06-04 15:57:38
Link captured,2025-06-04 15:57:45
Data appended to CSV,2025-06-04 15:57:48
Link captured,2025-06-04 15:57:52
Data appended to CSV,2025-06-04 15:57:55
Link captured,2025-06-09 19:57:26
Data appended to CSV,2025-06-09 19:57:30
Link captured,2025-06-09 19:57:36
Link captured,2025-06-09 19:57:48
Link captured,2025-06-09 19:57:57
Data appended to CSV,2025-06-09 19:58:00
Link captured,2025-06-09 19:58:06
Data appended to CSV,2025-06-09 19:58:09
Link captured,2025-06-09 19:58:14
Data appended to CSV,2025-06-09 19:58:17
Link captured,2025-06-09 19:58:31
Data appended to CSV,2025-06-09 19:58:35
Link captured,2025-06-09 20:01:37
Link captured,2025-06-09 20:01:45
Data appended to CSV,2025-06-09 20:01:56
Link captured,2025-06-09 20:02:44
Data appended to CSV,2025-06-09 20:02:48
Link captured,2025-06-09 20:03:05
Data appended to CSV,2025-06-09 20:03:09
Link captured,2025-06-09 20:03:34
Link captured,2025-06-09 20:03:40
Data appended to CSV,2025-06-09 20:03:44
Link captured,2025-06-09 20:03:51
Data appended to CSV,2025-06-09 20:03:54
Link captured,2025-06-09 20:04:01
Data appended to CSV,2025-06-09 20:04:04
Link captured,2025-06-09 20:04:10
Data appended to CSV,2025-06-09 20:04:14
Link captured,2025-06-09 20:04:21
Data appended to CSV,2025-06-09 20:04:24
Link captured,2025-06-09 20:04:30
Data appended to CSV,2025-06-09 20:04:33
Link captured,2025-06-09 20:04:37
Data appended to CSV,2025-06-09 20:04:40
Link captured,2025-06-10 10:41:14
Data appended to CSV,2025-06-10 10:41:18
Link captured,2025-06-10 10:41:22
Data appended to CSV,2025-06-10 10:41:26
Link captured,2025-06-10 10:41:28
Data appended to CSV,2025-06-10 10:41:32
Link captured,2025-06-10 10:41:35
Data appended to CSV,2025-06-10 10:41:38
Link captured,2025-06-10 10:41:41
Data appended to CSV,2025-06-10 10:41:45
Link captured,2025-06-10 10:41:48
Data appended to CSV,2025-06-10 10:41:51
Link captured,2025-06-10 10:41:58
Data appended to CSV,2025-06-10 10:42:01
Link captured,2025-06-10 10:42:04
Data appended to CSV,2025-06-10 10:42:08
Link captured,2025-06-10 10:42:12
Data appended to CSV,2025-06-10 10:42:15
Link captured,2025-06-10 10:42:19
Data appended to CSV,2025-06-10 10:42:22
Link captured,2025-06-10 10:47:26
Link captured,2025-06-10 10:47:32
Data appended to CSV,2025-06-10 10:47:36
Link captured,2025-06-10 10:47:39
Data appended to CSV,2025-06-10 10:47:42
Link captured,2025-06-10 10:47:46
Data appended to CSV,2025-06-10 10:47:49
Link captured,2025-06-10 10:47:52
Data appended to CSV,2025-06-10 10:47:56
Link captured,2025-06-10 10:47:58
Link captured,2025-06-10 10:48:04
Data appended to CSV,2025-06-10 10:48:07
Link captured,2025-06-10 10:48:10
Data appended to CSV,2025-06-10 10:48:13
Link captured,2025-06-10 10:48:16
Data appended to CSV,2025-06-10 10:48:19
Link captured,2025-06-10 10:48:23
Data appended to CSV,2025-06-10 10:48:26
Link captured,2025-06-10 10:48:29
Data appended to CSV,2025-06-10 10:48:33
Link captured,2025-06-10 10:48:35
Data appended to CSV,2025-06-10 10:48:39
Link captured,2025-06-10 11:06:55
Data appended to CSV,2025-06-10 11:06:59
Link captured,2025-06-10 11:07:04
Link captured,2025-06-10 11:07:09
Link captured,2025-06-10 11:07:14
Data appended to CSV,2025-06-10 11:07:17
Link captured,2025-06-10 11:07:26
Data appended to CSV,2025-06-10 11:07:29
Link captured,2025-06-10 11:07:32
Data appended to CSV,2025-06-10 11:07:35
Link captured,2025-06-10 11:07:40
Data appended to CSV,2025-06-10 11:07:43
Link captured,2025-06-10 11:07:46
Data appended to CSV,2025-06-10 11:07:49
Link captured,2025-06-10 11:07:52
Data appended to CSV,2025-06-10 11:07:55
Link captured,2025-06-10 11:07:58
Data appended to CSV,2025-06-10 11:08:01
Link captured,2025-06-10 11:08:04
Link captured,2025-06-10 11:08:10
Data appended to CSV,2025-06-10 11:08:14
Link captured,2025-06-10 11:08:18
Data appended to CSV,2025-06-10 11:08:22
Link captured,2025-06-10 11:14:02
Link captured,2025-06-10 16:48:20
Data appended to CSV,2025-06-10 16:48:32
Link captured,2025-06-10 16:48:38
Link captured,2025-06-10 16:48:45
Data appended to CSV,2025-06-10 16:48:48
Link captured,2025-06-10 16:48:53
Data appended to CSV,2025-06-10 16:48:57
Link captured,2025-06-10 16:49:01
Data appended to CSV,2025-06-10 16:49:04
Link captured,2025-06-10 16:49:07
Link captured,2025-06-10 16:49:14
Data appended to CSV,2025-06-10 16:49:18
Link captured,2025-06-10 16:49:22
Data appended to CSV,2025-06-10 16:49:25
Link captured,2025-06-10 16:49:35
Data appended to CSV,2025-06-10 16:49:39
Link captured,2025-06-10 17:11:46
Link captured,2025-06-10 17:11:52
Data appended to CSV,2025-06-10 17:11:56
Link captured,2025-06-10 17:12:01
Data appended to CSV,2025-06-10 17:12:05
Link captured,2025-06-10 17:12:10
Data appended to CSV,2025-06-10 17:12:13
Link captured,2025-06-10 17:12:16
Data appended to CSV,2025-06-10 17:12:19
Link captured,2025-06-10 18:03:34
Data appended to CSV,2025-06-10 18:03:37
Link captured,2025-06-10 18:03:40
Data appended to CSV,2025-06-10 18:03:44
Link captured,2025-06-10 18:03:47
Data appended to CSV,2025-06-10 18:03:50
Link captured,2025-06-10 18:03:53
Data appended to CSV,2025-06-10 18:03:56
Link captured,2025-06-10 18:04:00
Data appended to CSV,2025-06-10 18:04:03
Link captured,2025-06-10 18:04:07
Data appended to CSV,2025-06-10 18:04:10
Link captured,2025-06-10 18:04:14
Data appended to CSV,2025-06-10 18:04:17
Link captured,2025-06-10 18:04:21
Data appended to CSV,2025-06-10 18:04:24
Link captured,2025-06-10 18:04:27
Data appended to CSV,2025-06-10 18:04:31
Link captured,2025-06-10 18:04:34
Data appended to CSV,2025-06-10 18:04:38
Link captured,2025-06-10 21:20:53
Data appended to CSV,2025-06-10 21:20:57
Link captured,2025-06-10 21:21:02
Data appended to CSV,2025-06-10 21:21:05
Link captured,2025-06-10 21:21:08
Data appended to CSV,2025-06-10 21:21:12
Link captured,2025-06-10 21:21:15
Data appended to CSV,2025-06-10 21:21:18
Link captured,2025-06-10 21:21:21
Data appended to CSV,2025-06-10 21:21:29
Link captured,2025-06-10 21:21:32
Data appended to CSV,2025-06-10 21:21:36
Link captured,2025-06-10 21:21:38
Data appended to CSV,2025-06-10 21:21:49
Link captured,2025-06-10 21:21:53
Data appended to CSV,2025-06-10 21:21:56
Link captured,2025-06-10 21:21:59
Link captured,2025-06-10 21:22:06
Data appended to CSV,2025-06-10 21:22:17
Link captured,2025-06-10 21:22:20
Data appended to CSV,2025-06-10 21:22:24
Link captured,2025-06-10 21:36:42
Link captured,2025-06-10 21:36:50
Link captured,2025-06-10 21:36:58
Link captured,2025-06-10 21:37:05
Link captured,2025-06-10 21:37:13
Link captured,2025-06-10 21:37:21
Link captured,2025-06-10 21:37:29
Link captured,2025-06-10 21:37:36
Link captured,2025-06-10 21:37:44
Link captured,2025-06-10 21:37:52
Link captured,2025-06-10 21:59:18
Data appended to CSV,2025-06-10 21:59:22
Link captured,2025-06-10 21:59:27
Data appended to CSV,2025-06-10 21:59:30
Link captured,2025-06-10 21:59:35
Data appended to CSV,2025-06-10 21:59:39
Link captured,2025-06-10 21:59:44
Data appended to CSV,2025-06-10 21:59:47
Link captured,2025-06-10 21:59:52
Data appended to CSV,2025-06-10 21:59:56
Link captured,2025-06-10 22:00:09
Data appended to CSV,2025-06-10 22:00:12
Link captured,2025-06-10 22:00:18
Data appended to CSV,2025-06-10 22:00:21
Link captured,2025-06-10 22:00:28
Data appended to CSV,2025-06-10 22:00:32
Link captured,2025-06-10 22:00:37
Data appended to CSV,2025-06-10 22:00:41
Link captured,2025-06-10 22:00:45
Data appended to CSV,2025-06-10 22:00:49
Link captured,2025-06-10 22:04:40
Data appended to CSV,2025-06-10 22:04:44
Link captured,2025-06-10 22:04:49
Data appended to CSV,2025-06-10 22:04:52
Link captured,2025-06-10 22:04:56
Data appended to CSV,2025-06-10 22:05:00
Link captured,2025-06-10 22:05:05
Data appended to CSV,2025-06-10 22:05:08
Link captured,2025-06-10 22:05:13
Data appended to CSV,2025-06-10 22:05:16
Link captured,2025-06-10 22:05:21
Data appended to CSV,2025-06-10 22:05:24
Link captured,2025-06-10 22:05:28
Data appended to CSV,2025-06-10 22:05:32
Link captured,2025-06-10 22:05:36
Data appended to CSV,2025-06-10 22:05:40
Link captured,2025-06-10 22:05:44
Data appended to CSV,2025-06-10 22:05:48
Link captured,2025-06-10 22:05:52
Data appended to CSV,2025-06-10 22:05:55
Link captured,2025-06-10 22:09:40
Data appended to CSV,2025-06-10 22:09:44
Link captured,2025-06-10 22:09:48
Data appended to CSV,2025-06-10 22:09:52
Link captured,2025-06-10 22:09:56
Data appended to CSV,2025-06-10 22:10:00
Link captured,2025-06-10 22:10:04
Data appended to CSV,2025-06-10 22:10:08
Link captured,2025-06-10 22:10:12
Data appended to CSV,2025-06-10 22:10:16
Link captured,2025-06-10 22:10:20
Data appended to CSV,2025-06-10 22:10:24
Link captured,2025-06-10 22:10:28
Data appended to CSV,2025-06-10 22:10:31
Link captured,2025-06-10 22:10:36
Data appended to CSV,2025-06-10 22:10:39
Link captured,2025-06-10 22:10:44
Data appended to CSV,2025-06-10 22:10:47
Link captured,2025-06-10 22:10:52
Data appended to CSV,2025-06-10 22:10:55
Link captured,2025-06-10 22:14:29
Data appended to CSV,2025-06-10 22:14:32
Link captured,2025-06-10 22:14:37
Data appended to CSV,2025-06-10 22:14:41
Link captured,2025-06-10 22:14:45
Data appended to CSV,2025-06-10 22:14:49
Link captured,2025-06-10 22:14:53
Data appended to CSV,2025-06-10 22:14:57
Link captured,2025-06-10 22:15:01
Data appended to CSV,2025-06-10 22:15:05
Link captured,2025-06-10 22:15:09
Data appended to CSV,2025-06-10 22:15:13
Link captured,2025-06-10 22:15:17
Data appended to CSV,2025-06-10 22:15:20
Link captured,2025-06-10 22:15:25
Data appended to CSV,2025-06-10 22:15:28
Link captured,2025-06-10 22:15:33
Data appended to CSV,2025-06-10 22:15:36
Link captured,2025-06-10 22:15:41
Link captured,2025-06-10 22:22:43
Data appended to CSV,2025-06-10 22:22:46
Link captured,2025-06-10 22:22:51
Data appended to CSV,2025-06-10 22:22:55
Link captured,2025-06-10 22:22:59
Data appended to CSV,2025-06-10 22:23:03
Link captured,2025-06-10 22:23:07
Data appended to CSV,2025-06-10 22:23:11
Link captured,2025-06-10 22:23:15
Data appended to CSV,2025-06-10 22:23:19
Link captured,2025-06-10 22:23:23
Data appended to CSV,2025-06-10 22:23:27
Link captured,2025-06-10 22:23:31
Data appended to CSV,2025-06-10 22:23:35
Link captured,2025-06-10 22:23:39
Data appended to CSV,2025-06-10 22:23:43
Link captured,2025-06-10 22:23:47
Data appended to CSV,2025-06-10 22:23:50
Link captured,2025-06-10 22:23:55
Data appended to CSV,2025-06-10 22:23:58
Link captured,2025-06-10 22:28:01
Data appended to CSV,2025-06-10 22:28:05
Link captured,2025-06-10 22:28:09
Data appended to CSV,2025-06-10 22:28:13
Link captured,2025-06-10 22:28:17
Data appended to CSV,2025-06-10 22:28:21
Link captured,2025-06-10 22:28:25
Data appended to CSV,2025-06-10 22:28:29
Link captured,2025-06-10 22:28:33
Data appended to CSV,2025-06-10 22:28:37
Link captured,2025-06-10 22:28:41
Data appended to CSV,2025-06-10 22:28:45
Link captured,2025-06-10 22:28:49
Data appended to CSV,2025-06-10 22:28:53
Link captured,2025-06-10 22:28:57
Link captured,2025-06-10 22:29:05
Data appended to CSV,2025-06-10 22:29:08
Link captured,2025-06-10 22:29:13
Data appended to CSV,2025-06-10 22:29:16
Link captured,2025-06-10 22:33:52
Data appended to CSV,2025-06-10 22:33:56
Link captured,2025-06-10 22:34:00
Data appended to CSV,2025-06-10 22:34:04
Link captured,2025-06-10 22:34:08
Data appended to CSV,2025-06-10 22:34:12
Link captured,2025-06-10 22:34:16
Data appended to CSV,2025-06-10 22:34:20
Link captured,2025-06-10 22:34:24
Data appended to CSV,2025-06-10 22:34:28
Link captured,2025-06-10 22:34:33
Data appended to CSV,2025-06-10 22:34:36
Link captured,2025-06-10 22:34:41
Data appended to CSV,2025-06-10 22:34:44
Link captured,2025-06-10 22:34:49
Data appended to CSV,2025-06-10 22:34:52
Link captured,2025-06-10 22:34:57
Data appended to CSV,2025-06-10 22:35:00
Link captured,2025-06-10 22:35:05
Data appended to CSV,2025-06-10 22:35:08
Link captured,2025-06-10 22:38:52
Link captured,2025-06-10 22:39:00
Link captured,2025-06-10 22:39:07
Link captured,2025-06-10 22:39:15
Link captured,2025-06-10 22:39:23
Link captured,2025-06-10 22:39:31
Link captured,2025-06-10 22:39:39
Link captured,2025-06-10 22:39:46
Link captured,2025-06-10 22:39:54
Link captured,2025-06-10 22:40:02
Link captured,2025-06-10 22:44:55
Data appended to CSV,2025-06-10 22:44:58
Link captured,2025-06-10 22:45:03
Data appended to CSV,2025-06-10 22:45:06
Link captured,2025-06-10 22:45:11
Data appended to CSV,2025-06-10 22:45:14
Link captured,2025-06-10 22:45:18
Link captured,2025-06-10 22:45:26
Link captured,2025-06-10 22:45:34
Link captured,2025-06-10 22:45:42
Link captured,2025-06-10 22:45:49
Link captured,2025-06-10 22:45:57
Link captured,2025-06-10 22:46:05
Link captured,2025-06-11 10:13:40
Data appended to CSV,2025-06-11 10:13:43
Link captured,2025-06-11 10:13:48
Data appended to CSV,2025-06-11 10:13:52
Link captured,2025-06-11 10:13:56
Data appended to CSV,2025-06-11 10:14:00
Link captured,2025-06-11 10:14:04
Data appended to CSV,2025-06-11 10:14:08
Link captured,2025-06-11 10:14:12
Data appended to CSV,2025-06-11 10:14:16
Link captured,2025-06-11 10:14:21
Data appended to CSV,2025-06-11 10:14:24
Link captured,2025-06-11 10:14:29
Data appended to CSV,2025-06-11 10:14:32
Link captured,2025-06-11 10:14:37
Data appended to CSV,2025-06-11 10:14:40
Link captured,2025-06-11 10:14:45
Data appended to CSV,2025-06-11 10:14:48
Link captured,2025-06-11 10:14:53
Link captured,2025-06-11 10:15:00
Data appended to CSV,2025-06-11 10:15:04
Link captured,2025-06-11 10:15:08
Data appended to CSV,2025-06-11 10:15:12
Link captured,2025-06-11 10:15:16
Data appended to CSV,2025-06-11 10:15:20
Link captured,2025-06-11 10:15:24
Data appended to CSV,2025-06-11 10:15:28
Link captured,2025-06-11 10:15:32
Data appended to CSV,2025-06-11 10:15:36
Link captured,2025-06-11 10:15:40
Data appended to CSV,2025-06-11 10:15:44
Link captured,2025-06-11 10:15:49
Data appended to CSV,2025-06-11 10:15:52
Link captured,2025-06-11 10:15:57
Data appended to CSV,2025-06-11 10:16:00
Link captured,2025-06-11 10:16:05
Data appended to CSV,2025-06-11 10:16:08
Link captured,2025-06-11 10:16:13
Data appended to CSV,2025-06-11 10:16:16
Link captured,2025-06-11 10:16:21
Data appended to CSV,2025-06-11 10:16:24
Link captured,2025-06-11 10:17:40
Data appended to CSV,2025-06-11 10:17:44
Link captured,2025-06-11 10:18:00
Data appended to CSV,2025-06-11 10:18:03
Link captured,2025-06-11 10:21:57
Link captured,2025-06-11 10:22:04
Data appended to CSV,2025-06-11 10:22:08
Link captured,2025-06-11 10:22:13
Data appended to CSV,2025-06-11 10:22:17
Link captured,2025-06-11 10:22:21
Data appended to CSV,2025-06-11 10:22:25
Link captured,2025-06-11 10:22:29
Data appended to CSV,2025-06-11 10:22:33
Link captured,2025-06-11 10:22:38
Data appended to CSV,2025-06-11 10:22:42
Link captured,2025-06-11 10:22:46
Data appended to CSV,2025-06-11 10:22:50
Link captured,2025-06-11 10:22:55
Data appended to CSV,2025-06-11 10:22:58
Link captured,2025-06-11 10:23:03
Data appended to CSV,2025-06-11 10:23:07
Link captured,2025-06-11 10:23:11
Data appended to CSV,2025-06-11 10:23:15
Link captured,2025-06-11 10:25:23
Data appended to CSV,2025-06-11 10:25:27
Link captured,2025-06-11 10:28:51
Data appended to CSV,2025-06-11 10:28:55
Link captured,2025-06-11 10:28:59
Data appended to CSV,2025-06-11 10:29:03
Link captured,2025-06-11 10:29:08
Data appended to CSV,2025-06-11 10:29:12
Link captured,2025-06-11 10:29:16
Data appended to CSV,2025-06-11 10:29:20
Link captured,2025-06-11 10:29:25
Data appended to CSV,2025-06-11 10:29:29
Link captured,2025-06-11 10:29:34
Data appended to CSV,2025-06-11 10:29:37
Link captured,2025-06-11 10:29:42
Data appended to CSV,2025-06-11 10:29:46
Link captured,2025-06-11 10:29:50
Data appended to CSV,2025-06-11 10:29:54
Link captured,2025-06-11 10:29:59
Data appended to CSV,2025-06-11 10:30:03
Link captured,2025-06-11 10:30:08
Data appended to CSV,2025-06-11 10:30:11
Link captured,2025-06-11 10:34:05
Link captured,2025-06-11 10:34:13
Link captured,2025-06-11 10:34:20
Data appended to CSV,2025-06-11 10:34:25
Link captured,2025-06-11 10:34:29
Data appended to CSV,2025-06-11 10:34:33
Link captured,2025-06-11 10:34:38
Data appended to CSV,2025-06-11 10:34:42
Link captured,2025-06-11 10:34:46
Data appended to CSV,2025-06-11 10:34:50
Link captured,2025-06-11 10:34:54
Data appended to CSV,2025-06-11 10:34:58
Link captured,2025-06-11 10:35:03
Data appended to CSV,2025-06-11 10:35:07
Link captured,2025-06-11 10:35:11
Data appended to CSV,2025-06-11 10:35:15
Link captured,2025-06-11 10:35:20
Data appended to CSV,2025-06-11 10:35:24
Link captured,2025-06-11 10:38:08
Data appended to CSV,2025-06-11 10:38:11
Link captured,2025-06-11 10:38:16
Data appended to CSV,2025-06-11 10:38:20
Link captured,2025-06-11 10:39:54
Data appended to CSV,2025-06-11 10:39:58
Link captured,2025-06-11 10:40:03
Data appended to CSV,2025-06-11 10:40:06
Link captured,2025-06-11 10:43:43
Data appended to CSV,2025-06-11 10:43:47
Link captured,2025-06-11 10:43:52
Data appended to CSV,2025-06-11 10:43:56
Link captured,2025-06-11 10:44:01
Data appended to CSV,2025-06-11 10:44:05
Link captured,2025-06-11 10:44:09
Data appended to CSV,2025-06-11 10:44:14
Link captured,2025-06-11 10:44:18
Data appended to CSV,2025-06-11 10:44:23
Link captured,2025-06-11 10:44:27
Data appended to CSV,2025-06-11 10:44:32
Link captured,2025-06-11 10:44:36
Data appended to CSV,2025-06-11 10:44:40
Link captured,2025-06-11 10:44:45
Data appended to CSV,2025-06-11 10:44:49
Link captured,2025-06-11 10:44:53
Link captured,2025-06-11 10:45:01
Link captured,2025-06-11 10:45:33
Link captured,2025-06-11 10:45:41
Link captured,2025-06-11 10:45:56
Data appended to CSV,2025-06-11 10:46:00
Link captured,2025-06-11 10:46:05
Data appended to CSV,2025-06-11 10:46:09
Link captured,2025-06-11 10:49:28
Data appended to CSV,2025-06-11 10:49:32
Link captured,2025-06-11 10:49:37
Data appended to CSV,2025-06-11 10:49:41
Link captured,2025-06-11 10:49:46
Data appended to CSV,2025-06-11 10:49:50
Link captured,2025-06-11 10:49:54
Data appended to CSV,2025-06-11 10:49:58
Link captured,2025-06-11 10:50:03
Data appended to CSV,2025-06-11 10:50:07
Link captured,2025-06-11 10:50:11
Data appended to CSV,2025-06-11 10:50:15
Link captured,2025-06-11 10:50:20
Link captured,2025-06-11 10:50:28
Link captured,2025-06-11 10:50:35
Link captured,2025-06-11 10:50:43
Link captured,2025-06-12 14:37:06
Data appended to CSV,2025-06-12 14:37:11
Link captured,2025-06-12 14:37:15
Data appended to CSV,2025-06-12 14:37:19
Link captured,2025-06-12 14:37:24
Data appended to CSV,2025-06-12 14:37:28
Link captured,2025-06-12 14:37:32
Data appended to CSV,2025-06-12 14:37:37
Link captured,2025-06-12 14:40:28
Link captured,2025-06-12 14:40:35
Data appended to CSV,2025-06-12 14:40:40
Link captured,2025-06-12 14:40:44
Link captured,2025-06-12 14:40:52
Link captured,2025-06-12 14:41:00
Link captured,2025-06-12 14:41:08
Link captured,2025-06-12 14:41:15
Link captured,2025-06-12 14:41:23
Link captured,2025-06-12 14:41:31
Link captured,2025-06-12 14:41:39
Link captured,2025-06-12 14:42:41
Data appended to CSV,2025-06-12 14:42:46
Link captured,2025-06-12 14:42:50
Data appended to CSV,2025-06-12 14:42:54
Link captured,2025-06-12 14:42:59
Data appended to CSV,2025-06-12 14:43:03
Link captured,2025-06-12 14:43:07
Data appended to CSV,2025-06-12 14:43:11
Link captured,2025-06-12 14:43:16
Data appended to CSV,2025-06-12 14:43:20
Link captured,2025-06-12 14:43:25
Data appended to CSV,2025-06-12 14:43:29
Link captured,2025-06-12 14:43:33
Link captured,2025-06-12 14:43:41
Link captured,2025-06-12 14:43:49
Link captured,2025-06-12 14:45:35
Link captured,2025-06-12 14:45:43
Link captured,2025-06-12 14:45:50
Link captured,2025-06-12 14:46:13
Data appended to CSV,2025-06-12 14:46:18
Link captured,2025-06-12 14:46:22
Data appended to CSV,2025-06-12 14:46:26
Link captured,2025-06-12 14:46:31
Data appended to CSV,2025-06-12 14:46:35
Link captured,2025-06-12 14:49:58
Link captured,2025-06-12 14:50:06
Link captured,2025-06-12 14:50:13
Link captured,2025-06-12 14:50:21
Link captured,2025-06-12 14:50:28
Data appended to CSV,2025-06-12 14:50:33
Link captured,2025-06-12 14:50:38
Data appended to CSV,2025-06-12 14:50:43
Link captured,2025-06-12 14:50:47
Data appended to CSV,2025-06-12 14:50:52
Link captured,2025-06-12 14:50:57
Link captured,2025-06-12 14:51:04
Link captured,2025-06-12 14:51:12
Link captured,2025-06-12 14:51:55
Data appended to CSV,2025-06-12 14:51:59
Link captured,2025-06-12 14:52:04
Data appended to CSV,2025-06-12 14:52:08
Link captured,2025-06-12 14:52:12
Link captured,2025-06-12 14:52:20
Link captured,2025-06-12 14:52:28
Link captured,2025-06-12 14:52:35
Link captured,2025-06-12 14:52:43
Link captured,2025-06-12 14:53:31
Data appended to CSV,2025-06-12 14:53:35
Link captured,2025-06-12 14:53:40
Data appended to CSV,2025-06-12 14:53:44
Link captured,2025-06-12 14:53:48
Data appended to CSV,2025-06-12 14:53:53
Link captured,2025-06-12 14:53:57
Link captured,2025-06-12 14:54:05
Link captured,2025-06-12 14:56:40
Link captured,2025-06-12 14:56:47
Data appended to CSV,2025-06-12 14:56:52
Link captured,2025-06-12 14:57:13
Data appended to CSV,2025-06-12 14:57:17
Link captured,2025-06-12 14:57:22
Data appended to CSV,2025-06-12 14:57:26
