Action,Time
Action One Executed,2025-03-31 10:39:34
Action Two Executed,2025-03-31 10:39:42
Action One Executed,2025-03-31 10:41:12
Action Two Executed,2025-03-31 10:41:23
Action One Executed,2025-03-31 10:41:26
Action Two Executed,2025-03-31 10:41:35
Action One Executed,2025-03-31 10:41:39
Action Two Executed,2025-03-31 10:41:48
Action One Executed,2025-03-31 10:41:53
Action Two Executed,2025-03-31 10:42:04
Action One Executed,2025-03-31 10:42:09
Action Two Executed,2025-03-31 10:42:15
Action One Executed,2025-03-31 10:42:19
Action Two Executed,2025-03-31 10:42:28
Action One Executed,2025-03-31 10:42:32
Action Two Executed,2025-03-31 10:42:41
Action One Executed,2025-03-31 10:42:46
Action Two Executed,2025-03-31 10:42:54
Action One Executed,2025-03-31 13:42:27
Action Two Executed,2025-03-31 13:42:36
Action One Executed,2025-03-31 13:42:47
Action Two Executed,2025-03-31 13:42:56
Action One Executed,2025-03-31 13:44:24
Action Two Executed,2025-03-31 13:44:33
Action Two Executed,2025-03-31 13:46:10
Action Two Executed,2025-03-31 13:46:22
Action One Executed,2025-03-31 13:46:34
Action Two Executed,2025-03-31 13:46:43
Action One Executed,2025-03-31 13:46:50
Action Two Executed,2025-03-31 13:46:59
Action One Executed,2025-03-31 13:47:11
Action Two Executed,2025-03-31 13:47:20
Action One Executed,2025-03-31 13:48:22
Action Two Executed,2025-03-31 13:48:28
Action One Executed,2025-03-31 13:48:36
Action Two Executed,2025-03-31 13:48:43
Action One Executed,2025-03-31 13:48:50
Action Two Executed,2025-03-31 13:48:57
Action One Executed,2025-03-31 13:49:02
Action Two Executed,2025-03-31 13:49:09
Action One Executed,2025-03-31 13:49:17
Action Two Executed,2025-03-31 13:49:24
Action One Executed,2025-03-31 13:50:43
Action Two Executed,2025-03-31 13:50:49
Action One Executed,2025-03-31 13:52:25
Action One Executed,2025-03-31 13:52:37
Action Two Executed,2025-03-31 13:52:45
Action One Executed,2025-03-31 13:52:51
Action Two Executed,2025-03-31 13:52:58
Action One Executed,2025-03-31 13:53:03
Action Two Executed,2025-03-31 13:53:10
Action One Executed,2025-03-31 13:53:20
Action Two Executed,2025-03-31 13:53:27
Action One Executed,2025-03-31 13:53:40
Action Two Executed,2025-03-31 13:53:47
Action One Executed,2025-03-31 13:55:44
Action Two Executed,2025-03-31 13:55:51
Action One Executed,2025-03-31 13:55:57
Action Two Executed,2025-03-31 13:56:03
Action Two Executed,2025-03-31 13:56:15
Action One Executed,2025-03-31 13:56:21
Action Two Executed,2025-03-31 13:56:28
Action One Executed,2025-03-31 13:56:39
Action Two Executed,2025-03-31 13:56:46
Action One Executed,2025-03-31 13:56:52
Action Two Executed,2025-03-31 13:56:59
Action One Executed,2025-03-31 13:57:04
Action Two Executed,2025-03-31 13:57:11
Action One Executed,2025-03-31 13:57:20
Action Two Executed,2025-03-31 13:57:27
Action One Executed,2025-03-31 13:57:31
Action Two Executed,2025-03-31 13:57:38
Action One Executed,2025-03-31 13:57:42
Action Two Executed,2025-03-31 13:57:49
Action One Executed,2025-03-31 13:58:15
Action Two Executed,2025-03-31 13:58:22
Action One Executed,2025-03-31 13:58:29
Action Two Executed,2025-03-31 13:58:36
Action One Executed,2025-03-31 13:58:41
Action Two Executed,2025-03-31 13:58:48
Action One Executed,2025-03-31 13:58:53
Action Two Executed,2025-03-31 13:59:00
Action One Executed,2025-03-31 13:59:11
Action Two Executed,2025-03-31 13:59:18
Action One Executed,2025-03-31 13:59:27
Action Two Executed,2025-03-31 13:59:34
Action Two Executed,2025-03-31 13:59:47
Action One Executed,2025-03-31 13:59:54
Action Two Executed,2025-03-31 14:00:00
Action Two Executed,2025-03-31 14:00:11
Action One Executed,2025-03-31 14:00:17
Action Two Executed,2025-03-31 14:00:25
Action One Executed,2025-03-31 14:00:31
Action Two Executed,2025-03-31 14:00:38
Action One Executed,2025-03-31 14:00:43
Action Two Executed,2025-03-31 14:00:50
Action Two Executed,2025-03-31 14:01:00
Action Two Executed,2025-03-31 14:01:08
Action One Executed,2025-03-31 14:01:15
Action Two Executed,2025-03-31 14:01:21
Action One Executed,2025-03-31 14:01:33
Action Two Executed,2025-03-31 14:01:40
Action One Executed,2025-03-31 14:01:45
Action Two Executed,2025-03-31 14:01:51
Action One Executed,2025-03-31 14:02:02
Action Two Executed,2025-03-31 14:02:08
Action One Executed,2025-03-31 14:02:19
Action Two Executed,2025-03-31 14:02:26
Action One Executed,2025-03-31 14:02:37
Action Two Executed,2025-03-31 14:02:43
Action Two Executed,2025-03-31 14:02:55
Action One Executed,2025-03-31 14:03:03
Action Two Executed,2025-03-31 14:03:09
Action Two Executed,2025-03-31 14:03:19
Action Two Executed,2025-03-31 14:03:28
Action Two Executed,2025-03-31 14:03:37
Action Two Executed,2025-03-31 14:03:52
Action One Executed,2025-03-31 14:04:04
Action Two Executed,2025-03-31 14:04:10
Action One Executed,2025-03-31 14:04:19
Action Two Executed,2025-03-31 14:04:25
Action One Executed,2025-03-31 14:04:32
Action Two Executed,2025-03-31 14:04:38
Action One Executed,2025-03-31 14:04:45
Action Two Executed,2025-03-31 14:04:51
Action One Executed,2025-03-31 14:05:03
Action Two Executed,2025-03-31 14:05:09
Action One Executed,2025-03-31 14:05:18
Action Two Executed,2025-03-31 14:05:24
Action Two Executed,2025-03-31 14:05:34
Action One Executed,2025-03-31 14:05:41
Action Two Executed,2025-03-31 14:05:47
Action One Executed,2025-03-31 14:05:54
Action Two Executed,2025-03-31 14:06:00
Action One Executed,2025-03-31 14:06:07
Action Two Executed,2025-03-31 14:06:14
Action One Executed,2025-03-31 15:47:05
Action Two Executed,2025-03-31 15:47:11
Action One Executed,2025-03-31 15:47:17
Action Two Executed,2025-03-31 15:47:24
Action One Executed,2025-03-31 15:47:34
Action Two Executed,2025-03-31 15:47:40
Action One Executed,2025-03-31 15:47:58
Action Two Executed,2025-03-31 15:48:05
Action Two Executed,2025-03-31 15:48:15
Action Two Executed,2025-03-31 15:48:28
Action Two Executed,2025-03-31 15:48:36
Action Two Executed,2025-03-31 15:48:45
Action Two Executed,2025-03-31 15:49:04
Action Two Executed,2025-03-31 15:49:16
Action Two Executed,2025-03-31 15:50:15
Action One Executed,2025-03-31 15:50:21
Action Two Executed,2025-03-31 15:50:28
Action One Executed,2025-03-31 15:50:36
Action Two Executed,2025-03-31 15:50:43
Action Two Executed,2025-03-31 15:50:53
Action One Executed,2025-03-31 15:51:43
Action Two Executed,2025-03-31 15:51:50
Action One Executed,2025-03-31 15:51:58
Action Two Executed,2025-03-31 15:52:05
Action One Executed,2025-03-31 15:54:34
Action Two Executed,2025-03-31 15:54:38
Action One Executed,2025-03-31 15:54:48
Action Two Executed,2025-03-31 15:54:53
Action Two Executed,2025-03-31 15:55:11
Action One Executed,2025-03-31 15:55:57
Action Two Executed,2025-03-31 15:56:03
Action One Executed,2025-03-31 15:56:08
Action Two Executed,2025-03-31 15:56:14
Action Two Executed,2025-03-31 15:56:27
Action One Executed,2025-03-31 15:57:13
Action Two Executed,2025-03-31 15:57:19
Action One Executed,2025-03-31 15:57:24
Action Two Executed,2025-03-31 15:57:30
Action One Executed,2025-03-31 15:57:37
Action Two Executed,2025-03-31 15:57:42
Action One Executed,2025-03-31 15:57:47
Action Two Executed,2025-03-31 15:57:53
Action Two Executed,2025-03-31 15:58:04
Action One Executed,2025-03-31 15:58:09
Action Two Executed,2025-03-31 15:58:15
Action One Executed,2025-03-31 15:58:19
Action Two Executed,2025-03-31 15:58:25
Action Two Executed,2025-03-31 15:59:06
Action One Executed,2025-03-31 16:01:07
Action Two Executed,2025-03-31 16:01:14
Action One Executed,2025-03-31 16:01:19
Action Two Executed,2025-03-31 16:01:26
Action One Executed,2025-03-31 16:01:39
Action Two Executed,2025-03-31 16:01:46
Action One Executed,2025-03-31 16:01:52
Action Two Executed,2025-03-31 16:01:59
Action Two Executed,2025-03-31 16:02:08
Action One Executed,2025-03-31 16:02:13
Action Two Executed,2025-03-31 16:02:20
Action One Executed,2025-03-31 16:02:24
Action Two Executed,2025-03-31 16:02:31
Action One Executed,2025-03-31 16:02:37
Action Two Executed,2025-03-31 16:02:44
Action One Executed,2025-03-31 16:02:50
Action Two Executed,2025-03-31 16:02:56
Action One Executed,2025-03-31 16:03:02
Action Two Executed,2025-03-31 16:03:09
Action One Executed,2025-03-31 16:03:13
Action Two Executed,2025-03-31 16:03:20
Action One Executed,2025-03-31 16:03:24
Action Two Executed,2025-03-31 16:03:31
Action Two Executed,2025-03-31 16:03:41
Action One Executed,2025-03-31 16:03:46
Action Two Executed,2025-03-31 16:03:53
Action Two Executed,2025-03-31 16:04:07
Action One Executed,2025-03-31 16:04:15
Action Two Executed,2025-03-31 16:04:22
Action One Executed,2025-03-31 16:04:27
Action Two Executed,2025-03-31 16:04:34
Action One Executed,2025-03-31 16:04:41
Action Two Executed,2025-03-31 16:04:47
Action One Executed,2025-03-31 16:04:56
Action Two Executed,2025-03-31 16:05:03
Action Two Executed,2025-03-31 16:05:16
Action One Executed,2025-03-31 16:05:21
Action Two Executed,2025-03-31 16:05:28
Action One Executed,2025-03-31 16:05:33
Action Two Executed,2025-03-31 16:05:40
Action One Executed,2025-03-31 16:06:16
Action Two Executed,2025-03-31 16:06:23
Action One Executed,2025-03-31 16:06:27
Action Two Executed,2025-03-31 16:06:34
Action One Executed,2025-03-31 16:06:38
Action Two Executed,2025-03-31 16:06:45
Action One Executed,2025-03-31 16:06:49
Action Two Executed,2025-03-31 16:06:56
Action One Executed,2025-03-31 16:07:06
Action Two Executed,2025-03-31 16:07:13
Action One Executed,2025-03-31 16:07:22
Action Two Executed,2025-03-31 16:07:29
Action One Executed,2025-03-31 16:07:33
Action Two Executed,2025-03-31 16:07:40
Action One Executed,2025-03-31 16:07:44
Action Two Executed,2025-03-31 16:07:51
Action Two Executed,2025-03-31 16:08:02
Action One Executed,2025-03-31 16:08:09
Action Two Executed,2025-03-31 16:08:16
Action One Executed,2025-03-31 16:08:21
Action Two Executed,2025-03-31 16:08:28
Action Two Executed,2025-03-31 16:08:41
Action One Executed,2025-03-31 16:08:49
Action Two Executed,2025-03-31 16:08:56
Action One Executed,2025-03-31 16:09:03
Action Two Executed,2025-03-31 16:09:10
Action Two Executed,2025-03-31 16:09:18
Action Two Executed,2025-03-31 16:09:27
Action One Executed,2025-03-31 16:09:32
Action Two Executed,2025-03-31 16:09:39
Action One Executed,2025-03-31 16:09:45
Action Two Executed,2025-03-31 16:09:52
Action One Executed,2025-03-31 16:10:00
Action Two Executed,2025-03-31 16:10:07
Action One Executed,2025-03-31 16:10:16
Action Two Executed,2025-03-31 16:10:23
Action One Executed,2025-03-31 16:10:31
Action Two Executed,2025-03-31 16:10:38
Action One Executed,2025-03-31 16:10:42
Action Two Executed,2025-03-31 16:10:49
Action Two Executed,2025-03-31 16:10:58
Action One Executed,2025-03-31 16:25:16
Action Two Executed,2025-03-31 16:25:23
Action One Executed,2025-03-31 16:25:29
Action Two Executed,2025-03-31 16:25:36
Action One Executed,2025-03-31 16:25:40
Action Two Executed,2025-03-31 16:25:47
Action Two Executed,2025-03-31 16:26:03
Action One Executed,2025-03-31 16:26:08
Action Two Executed,2025-03-31 16:26:15
Action One Executed,2025-03-31 16:26:20
Action Two Executed,2025-03-31 16:26:27
Action One Executed,2025-03-31 16:26:32
Action Two Executed,2025-03-31 16:26:38
Action One Executed,2025-03-31 16:26:43
Action Two Executed,2025-03-31 16:26:50
Action One Executed,2025-03-31 16:26:55
Action Two Executed,2025-03-31 16:27:02
Action One Executed,2025-03-31 16:27:06
Action Two Executed,2025-03-31 16:27:13
Action Two Executed,2025-03-31 16:27:23
Action One Executed,2025-03-31 16:27:29
Action Two Executed,2025-03-31 16:27:35
Action One Executed,2025-03-31 16:27:42
Action Two Executed,2025-03-31 16:27:49
Action One Executed,2025-03-31 16:27:53
Action Two Executed,2025-03-31 16:28:00
Action One Executed,2025-03-31 16:28:05
Action Two Executed,2025-03-31 16:28:12
Action One Executed,2025-03-31 16:28:20
Action Two Executed,2025-03-31 16:28:27
Action One Executed,2025-03-31 16:28:40
Action Two Executed,2025-03-31 16:28:47
Action One Executed,2025-03-31 16:28:54
Action Two Executed,2025-03-31 16:29:00
Action One Executed,2025-03-31 16:29:11
Action Two Executed,2025-03-31 16:29:18
Action One Executed,2025-03-31 16:33:04
Action Two Executed,2025-03-31 16:33:11
Action One Executed,2025-03-31 16:34:04
Action Two Executed,2025-03-31 16:34:09
Action Two Executed,2025-03-31 16:34:19
Action One Executed,2025-03-31 16:34:25
Action Two Executed,2025-03-31 16:34:32
Action Two Executed,2025-03-31 16:34:44
Action One Executed,2025-03-31 16:34:54
Action Two Executed,2025-03-31 16:35:01
Action Two Executed,2025-03-31 16:35:11
Action One Executed,2025-03-31 16:35:21
Action Two Executed,2025-03-31 16:35:28
Action One Executed,2025-03-31 16:35:35
Action Two Executed,2025-03-31 16:35:42
Action One Executed,2025-03-31 16:36:23
Action Two Executed,2025-03-31 16:36:30
Action One Executed,2025-03-31 16:36:36
Action Two Executed,2025-03-31 16:36:43
Action One Executed,2025-03-31 16:37:06
Action Two Executed,2025-03-31 16:37:13
Action Two Executed,2025-03-31 16:37:23
Action One Executed,2025-03-31 16:37:27
Action Two Executed,2025-03-31 16:37:34
Action One Executed,2025-03-31 16:38:31
Action Two Executed,2025-03-31 16:38:37
Action One Executed,2025-03-31 16:38:42
Action Two Executed,2025-03-31 16:38:49
Action One Executed,2025-03-31 16:38:55
Action Two Executed,2025-03-31 16:39:02
Action One Executed,2025-03-31 16:39:09
Action Two Executed,2025-03-31 16:39:16
Action Two Executed,2025-03-31 16:39:27
Action One Executed,2025-03-31 16:40:11
Action Two Executed,2025-03-31 16:40:18
Action Two Executed,2025-03-31 16:40:26
Action One Executed,2025-03-31 16:40:36
Action Two Executed,2025-03-31 16:40:43
Action One Executed,2025-03-31 16:40:48
Action Two Executed,2025-03-31 16:40:54
Action One Executed,2025-03-31 16:40:59
Action Two Executed,2025-03-31 16:41:06
Action One Executed,2025-03-31 16:41:14
Action Two Executed,2025-03-31 16:41:20
Action Two Executed,2025-03-31 16:41:29
Action One Executed,2025-03-31 16:41:36
Action Two Executed,2025-03-31 16:41:43
Action One Executed,2025-03-31 16:41:52
Action Two Executed,2025-03-31 16:41:59
Action One Executed,2025-03-31 16:42:06
Action Two Executed,2025-03-31 16:42:13
Action One Executed,2025-03-31 16:42:20
Action Two Executed,2025-03-31 16:42:26
Action One Executed,2025-03-31 16:42:34
Action Two Executed,2025-03-31 16:42:41
Action One Executed,2025-03-31 16:42:47
Action Two Executed,2025-03-31 16:42:54
Action Two Executed,2025-03-31 16:43:05
Action One Executed,2025-03-31 16:43:13
Action Two Executed,2025-03-31 16:43:20
Action One Executed,2025-03-31 16:43:28
Action Two Executed,2025-03-31 16:43:35
Action One Executed,2025-03-31 16:44:07
Action Two Executed,2025-03-31 16:44:13
Action Two Executed,2025-03-31 16:44:23
Action One Executed,2025-03-31 16:44:32
Action Two Executed,2025-03-31 16:44:39
Action Two Executed,2025-03-31 16:44:48
Action One Executed,2025-03-31 16:44:53
Action Two Executed,2025-03-31 16:45:00
Action Two Executed,2025-03-31 16:45:10
Action One Executed,2025-03-31 16:45:19
Action Two Executed,2025-03-31 16:45:26
Action One Executed,2025-03-31 16:45:33
Action Two Executed,2025-03-31 16:45:40
Action One Executed,2025-03-31 17:06:19
Action Two Executed,2025-03-31 17:06:26
Action One Executed,2025-03-31 17:06:40
Action Two Executed,2025-03-31 17:06:47
Action Two Executed,2025-03-31 17:06:57
Action One Executed,2025-03-31 17:07:11
Action Two Executed,2025-03-31 17:07:17
Action One Executed,2025-03-31 17:07:25
Action Two Executed,2025-03-31 17:07:31
Action One Executed,2025-03-31 17:07:59
Action Two Executed,2025-03-31 17:08:06
Action One Executed,2025-03-31 17:08:12
Action Two Executed,2025-03-31 17:08:18
Action Two Executed,2025-03-31 17:08:33
Action One Executed,2025-03-31 17:08:50
Action Two Executed,2025-03-31 17:08:57
Action Two Executed,2025-03-31 17:09:11
Action One Executed,2025-03-31 17:09:20
Action Two Executed,2025-03-31 17:09:27
Action One Executed,2025-03-31 17:09:36
Action Two Executed,2025-03-31 17:09:43
Action One Executed,2025-03-31 17:09:52
Action Two Executed,2025-03-31 17:09:59
Action One Executed,2025-03-31 17:10:22
Action Two Executed,2025-03-31 17:10:28
Action One Executed,2025-03-31 17:10:39
Action Two Executed,2025-03-31 17:10:46
Action One Executed,2025-03-31 17:10:54
Action Two Executed,2025-03-31 17:11:01
Action One Executed,2025-03-31 17:11:11
Action Two Executed,2025-03-31 17:11:18
Action One Executed,2025-03-31 17:11:28
Action Two Executed,2025-03-31 17:11:35
Action Two Executed,2025-03-31 17:11:45
Action One Executed,2025-03-31 17:11:56
Action Two Executed,2025-03-31 17:12:02
Action One Executed,2025-03-31 17:12:09
Action Two Executed,2025-03-31 17:12:16
Action One Executed,2025-03-31 17:12:22
Action Two Executed,2025-03-31 17:12:28
Action Two Executed,2025-03-31 17:12:40
Action One Executed,2025-03-31 17:12:46
Action Two Executed,2025-03-31 17:12:52
Action Two Executed,2025-03-31 17:13:09
Action One Executed,2025-03-31 17:13:19
Action Two Executed,2025-03-31 17:13:26
Action Two Executed,2025-03-31 17:13:46
Action One Executed,2025-03-31 17:13:54
Action Two Executed,2025-03-31 17:14:01
Action One Executed,2025-03-31 17:14:09
Action Two Executed,2025-03-31 17:14:16
Action One Executed,2025-03-31 17:14:32
Action Two Executed,2025-03-31 17:14:38
Action One Executed,2025-03-31 17:14:43
Action Two Executed,2025-03-31 17:14:50
Action Two Executed,2025-03-31 17:15:02
Action One Executed,2025-03-31 17:15:10
Action Two Executed,2025-03-31 17:15:17
Action One Executed,2025-03-31 17:15:24
Action Two Executed,2025-03-31 17:15:31
Action One Executed,2025-03-31 17:15:36
Action Two Executed,2025-03-31 17:15:43
Action One Executed,2025-03-31 17:15:47
Action Two Executed,2025-03-31 17:15:54
Action Two Executed,2025-03-31 17:16:06
Action One Executed,2025-03-31 17:16:11
Action Two Executed,2025-03-31 17:16:18
Action One Executed,2025-03-31 17:16:26
Action Two Executed,2025-03-31 17:16:33
Action One Executed,2025-03-31 17:16:40
Action Two Executed,2025-03-31 17:16:47
Action Two Executed,2025-03-31 17:16:57
Action One Executed,2025-03-31 17:17:08
Action Two Executed,2025-03-31 17:17:15
Action One Executed,2025-03-31 17:17:23
Action Two Executed,2025-03-31 17:17:30
Action Two Executed,2025-03-31 17:17:40
Action One Executed,2025-03-31 17:17:47
Action Two Executed,2025-03-31 17:17:54
Action Two Executed,2025-03-31 17:18:06
Action One Executed,2025-03-31 17:18:13
Action Two Executed,2025-03-31 17:18:20
Action Two Executed,2025-03-31 17:18:33
Action One Executed,2025-03-31 17:18:47
Action Two Executed,2025-03-31 17:18:54
Action One Executed,2025-03-31 17:18:59
Action Two Executed,2025-03-31 17:19:06
Action Two Executed,2025-03-31 17:19:15
Action Two Executed,2025-03-31 17:19:23
Action One Executed,2025-03-31 17:19:30
Action Two Executed,2025-03-31 17:19:37
Action One Executed,2025-03-31 17:19:42
Action Two Executed,2025-03-31 17:19:49
Action One Executed,2025-03-31 17:19:54
Action Two Executed,2025-03-31 17:20:01
Action One Executed,2025-03-31 17:20:10
Action Two Executed,2025-03-31 17:20:17
Action One Executed,2025-03-31 17:20:27
Action Two Executed,2025-03-31 17:20:33
Action One Executed,2025-03-31 17:20:43
Action Two Executed,2025-03-31 17:20:50
Action One Executed,2025-03-31 17:21:00
Action Two Executed,2025-03-31 17:21:07
Action One Executed,2025-03-31 17:21:11
Action Two Executed,2025-03-31 17:21:18
Action One Executed,2025-03-31 17:21:25
Action Two Executed,2025-03-31 17:21:32
Action One Executed,2025-03-31 17:21:39
Action Two Executed,2025-03-31 17:21:46
Action One Executed,2025-03-31 17:21:52
Action Two Executed,2025-03-31 17:21:59
Action One Executed,2025-03-31 17:22:03
Action Two Executed,2025-03-31 17:22:10
Action One Executed,2025-03-31 17:23:26
Action Two Executed,2025-03-31 17:23:33
Action One Executed,2025-03-31 17:23:54
Action Two Executed,2025-03-31 17:24:01
Action Two Executed,2025-03-31 17:24:10
Action One Executed,2025-03-31 17:24:18
Action Two Executed,2025-03-31 17:24:25
Action One Executed,2025-03-31 17:24:35
Action Two Executed,2025-03-31 17:24:42
Action One Executed,2025-03-31 17:24:48
Action Two Executed,2025-03-31 17:24:55
Action Two Executed,2025-03-31 17:25:04
Action One Executed,2025-03-31 17:25:11
Action Two Executed,2025-03-31 17:25:18
Action One Executed,2025-03-31 17:25:27
Action Two Executed,2025-03-31 17:25:33
Action One Executed,2025-03-31 17:25:53
Action Two Executed,2025-03-31 17:26:00
Action Two Executed,2025-03-31 17:26:12
Action One Executed,2025-03-31 17:26:17
Action Two Executed,2025-03-31 17:26:24
Action One Executed,2025-03-31 17:26:33
Action Two Executed,2025-03-31 17:26:40
Action One Executed,2025-03-31 17:26:45
Action Two Executed,2025-03-31 17:26:52
Action One Executed,2025-03-31 17:27:00
Action Two Executed,2025-03-31 17:27:07
Action Two Executed,2025-03-31 17:27:16
Action One Executed,2025-03-31 17:27:21
Action Two Executed,2025-03-31 17:27:28
Action One Executed,2025-03-31 17:45:37
Action Two Executed,2025-03-31 17:45:44
Action Two Executed,2025-03-31 17:45:56
Action One Executed,2025-03-31 17:46:02
Action Two Executed,2025-03-31 17:46:09
Action Two Executed,2025-03-31 17:46:17
Action Two Executed,2025-03-31 17:46:25
Action One Executed,2025-03-31 17:46:32
Action Two Executed,2025-03-31 17:46:39
Action One Executed,2025-03-31 17:47:31
Action Two Executed,2025-03-31 17:47:38
Action One Executed,2025-03-31 17:49:52
Action Two Executed,2025-03-31 17:49:59
Action One Executed,2025-03-31 17:52:07
Action Two Executed,2025-03-31 17:52:14
Action Two Executed,2025-03-31 17:52:37
Action One Executed,2025-03-31 17:52:43
Action Two Executed,2025-03-31 17:52:50
Action One Executed,2025-03-31 17:52:56
Action Two Executed,2025-03-31 17:53:03
Action One Executed,2025-03-31 17:53:13
Action Two Executed,2025-03-31 17:53:20
Action One Executed,2025-03-31 18:43:27
Action Two Executed,2025-03-31 18:43:34
Action Two Executed,2025-03-31 18:43:43
Action One Executed,2025-03-31 18:43:49
Action Two Executed,2025-03-31 18:43:56
Action One Executed,2025-03-31 18:44:02
Action Two Executed,2025-03-31 18:44:09
Action Two Executed,2025-03-31 18:44:18
Action One Executed,2025-03-31 18:44:26
Action Two Executed,2025-03-31 18:44:33
Action One Executed,2025-03-31 18:44:41
Action Two Executed,2025-03-31 18:44:48
Action One Executed,2025-03-31 18:44:53
Action Two Executed,2025-03-31 18:45:00
Action One Executed,2025-03-31 18:45:18
Action Two Executed,2025-03-31 18:45:25
Action One Executed,2025-03-31 18:45:31
Action Two Executed,2025-03-31 18:45:38
Action Two Executed,2025-03-31 18:45:49
Action One Executed,2025-03-31 18:45:55
Action Two Executed,2025-03-31 18:46:01
Action One Executed,2025-03-31 18:46:08
Action Two Executed,2025-03-31 18:46:14
Action One Executed,2025-03-31 18:46:19
Action Two Executed,2025-03-31 18:46:26
Action One Executed,2025-03-31 18:46:31
Action Two Executed,2025-03-31 18:46:38
Action Two Executed,2025-03-31 18:46:46
Action One Executed,2025-03-31 18:47:43
Action Two Executed,2025-03-31 18:47:50
Action One Executed,2025-03-31 18:47:55
Action Two Executed,2025-03-31 18:48:02
Action One Executed,2025-03-31 18:48:06
Action Two Executed,2025-03-31 18:48:13
Action Two Executed,2025-03-31 18:48:23
Action Two Executed,2025-03-31 18:48:31
Action One Executed,2025-03-31 18:48:35
Action Two Executed,2025-03-31 18:48:42
Action Two Executed,2025-03-31 18:48:51
Action One Executed,2025-03-31 18:48:55
Action Two Executed,2025-03-31 18:49:02
Action One Executed,2025-03-31 18:49:07
Action Two Executed,2025-03-31 18:49:13
Action One Executed,2025-03-31 18:49:21
Action Two Executed,2025-03-31 18:49:27
Action One Executed,2025-03-31 18:49:33
Action Two Executed,2025-03-31 18:49:40
Action One Executed,2025-03-31 18:49:47
Action Two Executed,2025-03-31 18:49:54
Action One Executed,2025-03-31 18:50:11
Action Two Executed,2025-03-31 18:50:18
Action One Executed,2025-03-31 18:50:22
Action Two Executed,2025-03-31 18:50:28
Action Two Executed,2025-03-31 18:50:39
Action One Executed,2025-03-31 18:50:43
Action Two Executed,2025-03-31 18:50:50
Action One Executed,2025-03-31 18:50:54
Action Two Executed,2025-03-31 18:51:01
Action Two Executed,2025-03-31 18:51:09
Action Two Executed,2025-03-31 18:51:17
Action One Executed,2025-03-31 18:57:17
Action Two Executed,2025-03-31 18:57:24
Action One Executed,2025-03-31 18:57:28
Action Two Executed,2025-03-31 18:57:35
Action One Executed,2025-03-31 18:57:41
Action Two Executed,2025-03-31 18:57:48
Action Two Executed,2025-03-31 18:57:57
Action One Executed,2025-03-31 18:58:25
Action Two Executed,2025-03-31 18:58:32
Action One Executed,2025-03-31 18:58:39
Action Two Executed,2025-03-31 18:58:45
Action One Executed,2025-03-31 18:58:53
Action Two Executed,2025-03-31 18:59:00
Action One Executed,2025-03-31 18:59:07
Action Two Executed,2025-03-31 18:59:14
Action One Executed,2025-03-31 18:59:19
Action Two Executed,2025-03-31 18:59:26
Action Two Executed,2025-03-31 18:59:37
Action One Executed,2025-03-31 18:59:45
Action Two Executed,2025-03-31 18:59:51
Action One Executed,2025-03-31 19:00:01
Action Two Executed,2025-03-31 19:00:08
Action Two Executed,2025-03-31 19:00:19
Action One Executed,2025-03-31 19:00:25
Action Two Executed,2025-03-31 19:00:32
Action One Executed,2025-03-31 19:00:40
Action Two Executed,2025-03-31 19:00:47
Action One Executed,2025-03-31 19:00:54
Action Two Executed,2025-03-31 19:01:00
Action One Executed,2025-03-31 19:01:06
Action Two Executed,2025-03-31 19:01:12
Action Two Executed,2025-03-31 19:01:27
Action One Executed,2025-03-31 19:01:31
Action Two Executed,2025-03-31 19:01:38
Action One Executed,2025-03-31 19:01:45
Action Two Executed,2025-03-31 19:01:52
Action One Executed,2025-03-31 19:01:56
Action Two Executed,2025-03-31 19:02:03
Action One Executed,2025-03-31 19:02:09
Action Two Executed,2025-03-31 19:02:16
Action Two Executed,2025-03-31 19:02:25
Action One Executed,2025-03-31 19:02:31
Action Two Executed,2025-03-31 19:02:38
Action One Executed,2025-03-31 19:02:44
Action Two Executed,2025-03-31 19:02:51
Action One Executed,2025-03-31 19:02:56
Action Two Executed,2025-03-31 19:03:03
Action One Executed,2025-03-31 19:03:11
Action Two Executed,2025-03-31 19:03:18
Action One Executed,2025-03-31 19:03:25
Action Two Executed,2025-03-31 19:03:32
Action One Executed,2025-03-31 19:03:40
Action Two Executed,2025-03-31 19:03:47
Action One Executed,2025-03-31 19:03:52
Action Two Executed,2025-03-31 19:03:59
Action One Executed,2025-03-31 19:04:07
Action Two Executed,2025-03-31 19:04:14
Action Two Executed,2025-03-31 19:04:23
Action One Executed,2025-03-31 19:04:30
Action Two Executed,2025-03-31 19:04:37
Action One Executed,2025-03-31 19:04:45
Action Two Executed,2025-03-31 19:04:52
Action One Executed,2025-03-31 19:04:58
Action Two Executed,2025-03-31 19:05:05
Action One Executed,2025-03-31 19:05:11
Action Two Executed,2025-03-31 19:05:18
Action Two Executed,2025-03-31 19:05:29
Action One Executed,2025-03-31 19:05:39
Action Two Executed,2025-03-31 19:05:46
Action One Executed,2025-03-31 19:05:51
Action Two Executed,2025-03-31 19:05:58
Action One Executed,2025-03-31 19:06:03
Action Two Executed,2025-03-31 19:06:10
Action One Executed,2025-03-31 19:06:15
Action Two Executed,2025-03-31 19:06:22
Action One Executed,2025-03-31 19:06:28
Action Two Executed,2025-03-31 19:06:35
Action One Executed,2025-03-31 21:50:03
Action Two Executed,2025-03-31 21:50:09
Action One Executed,2025-03-31 21:50:38
Action Two Executed,2025-03-31 21:50:44
Action One Executed,2025-03-31 21:50:54
Action Two Executed,2025-03-31 21:51:01
Action Two Executed,2025-03-31 21:51:11
Action One Executed,2025-03-31 21:51:17
Action Two Executed,2025-03-31 21:51:24
Action One Executed,2025-03-31 21:51:30
Action Two Executed,2025-03-31 21:51:36
Action One Executed,2025-03-31 21:51:42
Action Two Executed,2025-03-31 21:51:49
Action One Executed,2025-03-31 21:51:53
Action Two Executed,2025-03-31 21:52:00
Action One Executed,2025-03-31 21:52:12
Action Two Executed,2025-03-31 21:52:18
Action One Executed,2025-03-31 21:52:28
Action Two Executed,2025-03-31 21:52:35
Action Two Executed,2025-03-31 21:52:44
Action One Executed,2025-03-31 21:52:52
Action Two Executed,2025-03-31 21:52:59
Action One Executed,2025-03-31 21:53:04
Action Two Executed,2025-03-31 21:53:11
Action One Executed,2025-03-31 21:53:17
Action Two Executed,2025-03-31 21:53:24
Action One Executed,2025-03-31 21:53:29
Action Two Executed,2025-03-31 21:53:36
Action One Executed,2025-03-31 21:53:41
Action Two Executed,2025-03-31 21:53:48
Action Two Executed,2025-03-31 21:53:58
Action One Executed,2025-03-31 21:54:02
Action Two Executed,2025-03-31 21:54:09
Action One Executed,2025-03-31 21:54:14
Action Two Executed,2025-03-31 21:54:20
Action One Executed,2025-03-31 21:54:25
Action Two Executed,2025-03-31 21:54:32
Action One Executed,2025-03-31 21:54:38
Action Two Executed,2025-03-31 21:54:44
Action Two Executed,2025-03-31 21:54:56
Action One Executed,2025-03-31 21:55:02
Action Two Executed,2025-03-31 21:55:09
Action One Executed,2025-03-31 21:55:14
Action Two Executed,2025-03-31 21:55:20
Action One Executed,2025-03-31 21:55:25
Action Two Executed,2025-03-31 21:55:32
Action Two Executed,2025-03-31 21:55:40
Action Two Executed,2025-03-31 21:55:51
Action One Executed,2025-03-31 21:55:58
Action Two Executed,2025-03-31 21:56:05
Action One Executed,2025-03-31 21:56:11
Action Two Executed,2025-03-31 21:56:18
Action One Executed,2025-03-31 21:56:25
Action Two Executed,2025-03-31 21:56:32
Action One Executed,2025-03-31 21:56:41
Action Two Executed,2025-03-31 21:56:47
Action One Executed,2025-03-31 21:56:57
Action Two Executed,2025-03-31 21:57:04
Action One Executed,2025-03-31 21:57:08
Action Two Executed,2025-03-31 21:57:15
Action Two Executed,2025-03-31 21:57:24
Action One Executed,2025-03-31 21:57:29
Action Two Executed,2025-03-31 21:57:36
Action One Executed,2025-03-31 22:04:27
Action Two Executed,2025-03-31 22:04:34
Action One Executed,2025-03-31 22:04:45
Action Two Executed,2025-03-31 22:04:51
Action One Executed,2025-03-31 22:05:01
Action Two Executed,2025-03-31 22:05:08
Action One Executed,2025-03-31 22:05:18
Action Two Executed,2025-03-31 22:05:25
Action Two Executed,2025-03-31 22:05:35
Action One Executed,2025-03-31 22:05:45
Action Two Executed,2025-03-31 22:05:52
Action One Executed,2025-03-31 22:05:57
Action Two Executed,2025-03-31 22:06:04
Action One Executed,2025-03-31 22:06:08
Action Two Executed,2025-03-31 22:06:15
Action Two Executed,2025-03-31 22:06:26
Action Two Executed,2025-03-31 22:06:36
Action One Executed,2025-03-31 22:06:46
Action Two Executed,2025-03-31 22:06:53
Action One Executed,2025-03-31 22:06:59
Action Two Executed,2025-03-31 22:07:06
Action One Executed,2025-03-31 22:07:14
Action Two Executed,2025-03-31 22:07:21
Action Two Executed,2025-03-31 22:07:31
Action One Executed,2025-03-31 22:07:39
Action Two Executed,2025-03-31 22:07:46
Action One Executed,2025-03-31 22:07:56
Action Two Executed,2025-03-31 22:08:03
Action One Executed,2025-03-31 22:08:11
Action Two Executed,2025-03-31 22:08:18
Action One Executed,2025-03-31 22:08:36
Action Two Executed,2025-03-31 22:08:43
Action One Executed,2025-03-31 22:08:48
Action Two Executed,2025-03-31 22:08:55
Action Two Executed,2025-03-31 22:09:03
Action One Executed,2025-03-31 22:09:10
Action Two Executed,2025-03-31 22:09:17
Action One Executed,2025-03-31 22:09:36
Action Two Executed,2025-03-31 22:09:43
Action One Executed,2025-03-31 22:09:52
Action Two Executed,2025-03-31 22:09:59
Action One Executed,2025-03-31 22:10:05
Action Two Executed,2025-03-31 22:10:12
Action One Executed,2025-03-31 22:10:22
Action Two Executed,2025-03-31 22:10:29
Action One Executed,2025-03-31 22:10:33
Action Two Executed,2025-03-31 22:10:40
Action One Executed,2025-03-31 22:10:45
Action Two Executed,2025-03-31 22:10:52
Action One Executed,2025-03-31 22:10:58
Action Two Executed,2025-03-31 22:11:05
Action One Executed,2025-03-31 22:11:16
Action Two Executed,2025-03-31 22:11:23
Action One Executed,2025-03-31 22:11:30
Action Two Executed,2025-03-31 22:11:37
Action One Executed,2025-03-31 22:11:44
Action Two Executed,2025-03-31 22:11:50
Action One Executed,2025-03-31 22:11:55
Action Two Executed,2025-03-31 22:12:02
Action Two Executed,2025-03-31 22:12:16
Action One Executed,2025-03-31 22:12:24
Action Two Executed,2025-03-31 22:12:31
Action One Executed,2025-03-31 22:12:35
Action Two Executed,2025-03-31 22:12:42
Action One Executed,2025-03-31 22:12:47
Action Two Executed,2025-03-31 22:12:54
Action Two Executed,2025-03-31 22:13:40
Action One Executed,2025-03-31 22:13:49
Action Two Executed,2025-03-31 22:13:56
Action One Executed,2025-03-31 22:14:01
Action Two Executed,2025-03-31 22:14:08
Action Two Executed,2025-03-31 22:14:18
Action One Executed,2025-03-31 22:14:24
Action Two Executed,2025-03-31 22:14:31
Action One Executed,2025-03-31 22:17:33
Action Two Executed,2025-03-31 22:17:40
Action One Executed,2025-03-31 22:19:02
Action Two Executed,2025-03-31 22:19:09
Action One Executed,2025-03-31 22:19:14
Action Two Executed,2025-03-31 22:19:21
Action One Executed,2025-03-31 22:19:26
Action Two Executed,2025-03-31 22:19:33
Action Two Executed,2025-03-31 22:19:44
Action One Executed,2025-03-31 22:19:51
Action Two Executed,2025-03-31 22:19:58
Action One Executed,2025-03-31 22:24:02
Action Two Executed,2025-03-31 22:24:09
Action One Executed,2025-04-01 11:16:45
Action Two Executed,2025-04-01 11:17:01
Action One Executed,2025-04-01 11:17:10
Action Two Executed,2025-04-01 11:17:17
Action One Executed,2025-04-01 11:17:23
Action Two Executed,2025-04-01 11:17:29
Action Two Executed,2025-04-01 11:17:42
Action One Executed,2025-04-01 11:17:49
Action Two Executed,2025-04-01 11:17:56
Action One Executed,2025-04-01 11:18:04
Action Two Executed,2025-04-01 11:18:11
Action One Executed,2025-04-01 11:18:17
Action Two Executed,2025-04-01 11:18:24
Action One Executed,2025-04-01 11:18:31
Action Two Executed,2025-04-01 11:18:38
Action One Executed,2025-04-01 11:18:44
Action Two Executed,2025-04-01 11:18:51
Action One Executed,2025-04-01 11:18:57
Action Two Executed,2025-04-01 11:19:04
Action One Executed,2025-04-01 11:19:09
Action Two Executed,2025-04-01 11:19:15
Action Two Executed,2025-04-01 11:19:26
Action One Executed,2025-04-01 11:19:31
Action Two Executed,2025-04-01 11:19:38
Action Two Executed,2025-04-01 11:19:49
Action One Executed,2025-04-01 11:25:19
Action Two Executed,2025-04-01 11:25:25
Action One Executed,2025-04-01 11:25:30
Action Two Executed,2025-04-01 11:25:37
Action Two Executed,2025-04-01 11:25:48
Action One Executed,2025-04-01 11:26:02
Action Two Executed,2025-04-01 11:26:09
Action One Executed,2025-04-01 11:26:23
Action Two Executed,2025-04-01 11:26:30
Action One Executed,2025-04-01 11:26:37
Action Two Executed,2025-04-01 11:26:43
Action Two Executed,2025-04-01 11:26:54
Action One Executed,2025-04-01 11:27:00
Action Two Executed,2025-04-01 11:27:07
Action One Executed,2025-04-01 11:27:19
Action Two Executed,2025-04-01 11:27:25
Action One Executed,2025-04-01 11:27:32
Action Two Executed,2025-04-01 11:27:39
Action One Executed,2025-04-01 11:27:44
Action Two Executed,2025-04-01 11:27:51
Action One Executed,2025-04-01 11:27:55
Action Two Executed,2025-04-01 11:28:02
Action Two Executed,2025-04-01 11:28:13
Action One Executed,2025-04-01 11:28:20
Action Two Executed,2025-04-01 11:28:27
Action One Executed,2025-04-01 11:28:34
Action Two Executed,2025-04-01 11:28:41
Action One Executed,2025-04-01 11:28:46
Action Two Executed,2025-04-01 11:28:53
Action One Executed,2025-04-01 11:29:02
Action Two Executed,2025-04-01 11:29:08
Action One Executed,2025-04-01 11:29:13
Action Two Executed,2025-04-01 11:29:20
Action One Executed,2025-04-01 11:29:24
Action Two Executed,2025-04-01 11:29:31
Action One Executed,2025-04-01 11:29:42
Action Two Executed,2025-04-01 11:29:49
Action One Executed,2025-04-01 11:29:57
Action Two Executed,2025-04-01 11:30:03
Action One Executed,2025-04-01 11:30:09
Action Two Executed,2025-04-01 11:30:15
Action One Executed,2025-04-01 11:30:20
Action Two Executed,2025-04-01 11:30:26
Action One Executed,2025-04-01 11:30:30
Action Two Executed,2025-04-01 11:30:37
Action Two Executed,2025-04-01 11:30:45
Action One Executed,2025-04-01 11:30:51
Action Two Executed,2025-04-01 11:30:58
Action Two Executed,2025-04-01 11:31:05
Action One Executed,2025-04-01 11:31:13
Action Two Executed,2025-04-01 11:31:19
Action One Executed,2025-04-01 11:31:25
Action Two Executed,2025-04-01 11:31:31
Action Two Executed,2025-04-01 11:31:41
Action One Executed,2025-04-01 11:31:58
Action Two Executed,2025-04-01 11:32:05
Action Two Executed,2025-04-01 11:32:21
Action One Executed,2025-04-01 11:32:32
Action Two Executed,2025-04-01 11:32:39
Action One Executed,2025-04-01 11:32:46
Action Two Executed,2025-04-01 11:32:53
Action One Executed,2025-04-01 11:32:58
Action Two Executed,2025-04-01 11:33:04
Action One Executed,2025-04-01 11:33:12
Action Two Executed,2025-04-01 11:33:18
Action One Executed,2025-04-01 11:33:26
Action Two Executed,2025-04-01 11:33:32
Action One Executed,2025-04-01 11:33:37
Action Two Executed,2025-04-01 11:33:43
Action Two Executed,2025-04-01 11:33:51
Action One Executed,2025-04-01 12:44:03
Action Two Executed,2025-04-01 12:44:09
Action One Executed,2025-04-01 12:45:42
Action Two Executed,2025-04-01 12:45:48
Action One Executed,2025-04-01 12:45:55
Action Two Executed,2025-04-01 12:46:02
Action One Executed,2025-04-01 12:46:18
Action Two Executed,2025-04-01 12:46:25
Action One Executed,2025-04-01 12:46:33
Action Two Executed,2025-04-01 12:46:40
Action One Executed,2025-04-01 12:46:44
Action Two Executed,2025-04-01 12:46:51
Action Two Executed,2025-04-01 12:46:59
Action One Executed,2025-04-01 12:47:15
Action Two Executed,2025-04-01 12:47:22
Action One Executed,2025-04-01 12:47:27
Action Two Executed,2025-04-01 12:47:33
Action One Executed,2025-04-01 12:47:38
Action Two Executed,2025-04-01 12:47:45
Action Two Executed,2025-04-01 12:47:53
Action One Executed,2025-04-01 12:47:58
Action Two Executed,2025-04-01 12:48:05
Action One Executed,2025-04-01 12:48:11
Action Two Executed,2025-04-01 12:48:17
Action One Executed,2025-04-01 12:48:23
Action Two Executed,2025-04-01 12:48:30
Action One Executed,2025-04-01 12:48:38
Action Two Executed,2025-04-01 12:48:44
Action One Executed,2025-04-01 12:48:49
Action Two Executed,2025-04-01 12:48:56
Action One Executed,2025-04-01 12:49:03
Action Two Executed,2025-04-01 12:49:10
Action One Executed,2025-04-01 12:49:14
Action Two Executed,2025-04-01 12:49:21
Action One Executed,2025-04-01 12:49:26
Action Two Executed,2025-04-01 12:49:33
Action Two Executed,2025-04-01 12:49:40
Action One Executed,2025-04-01 12:49:44
Action Two Executed,2025-04-01 12:49:51
Action One Executed,2025-04-01 12:49:55
Action Two Executed,2025-04-01 12:50:02
Action One Executed,2025-04-01 12:50:06
Action Two Executed,2025-04-01 12:50:12
Action One Executed,2025-04-01 12:50:18
Action Two Executed,2025-04-01 12:50:24
Action One Executed,2025-04-01 12:51:20
Action Two Executed,2025-04-01 12:51:27
Action One Executed,2025-04-01 12:51:31
Action Two Executed,2025-04-01 12:51:38
Action One Executed,2025-04-01 12:51:43
Action Two Executed,2025-04-01 12:51:50
Action One Executed,2025-04-01 13:07:02
Action Two Executed,2025-04-01 13:07:09
Action One Executed,2025-04-01 13:07:15
Action Two Executed,2025-04-01 13:07:22
Action One Executed,2025-04-01 13:07:27
Action Two Executed,2025-04-01 13:07:33
Action One Executed,2025-04-01 13:07:43
Action Two Executed,2025-04-01 13:07:50
Action Two Executed,2025-04-01 13:07:59
Action One Executed,2025-04-01 13:08:06
Action Two Executed,2025-04-01 13:08:13
Action Two Executed,2025-04-01 13:08:52
Action One Executed,2025-04-01 13:09:06
Action Two Executed,2025-04-01 13:09:13
Action Two Executed,2025-04-01 13:09:21
Action One Executed,2025-04-01 13:09:29
Action Two Executed,2025-04-01 13:09:35
Action One Executed,2025-04-01 13:09:42
Action Two Executed,2025-04-01 13:09:49
Action Two Executed,2025-04-01 13:09:58
Action One Executed,2025-04-01 13:10:05
Action Two Executed,2025-04-01 13:10:11
Action One Executed,2025-04-01 13:10:17
Action Two Executed,2025-04-01 13:10:24
Action One Executed,2025-04-01 13:10:31
Action Two Executed,2025-04-01 13:10:37
Action One Executed,2025-04-01 13:18:08
Action Two Executed,2025-04-01 13:18:15
Action One Executed,2025-04-01 13:18:20
Action Two Executed,2025-04-01 13:18:27
Action One Executed,2025-04-01 13:18:34
Action Two Executed,2025-04-01 13:18:41
Action Two Executed,2025-04-01 13:18:50
Action One Executed,2025-04-01 13:19:02
Action Two Executed,2025-04-01 13:19:09
Action One Executed,2025-04-01 13:19:19
Action Two Executed,2025-04-01 13:19:26
Action One Executed,2025-04-01 13:19:39
Action Two Executed,2025-04-01 13:19:45
Action One Executed,2025-04-01 13:19:54
Action Two Executed,2025-04-01 13:20:00
Action One Executed,2025-04-01 13:20:09
Action Two Executed,2025-04-01 13:20:15
Action One Executed,2025-04-01 13:20:31
Action Two Executed,2025-04-01 13:20:38
Action One Executed,2025-04-01 13:20:52
Action Two Executed,2025-04-01 13:20:58
Action One Executed,2025-04-01 13:21:05
Action Two Executed,2025-04-01 13:21:11
Action One Executed,2025-04-01 13:21:19
Action Two Executed,2025-04-01 13:21:26
Action One Executed,2025-04-01 13:21:34
Action Two Executed,2025-04-01 13:21:41
Action One Executed,2025-04-01 13:21:48
Action Two Executed,2025-04-01 13:21:55
Action One Executed,2025-04-01 13:22:00
Action Two Executed,2025-04-01 13:22:07
Action One Executed,2025-04-01 13:22:13
Action Two Executed,2025-04-01 13:22:20
Action One Executed,2025-04-01 13:22:26
Action Two Executed,2025-04-01 13:22:33
Action One Executed,2025-04-01 13:22:38
Action Two Executed,2025-04-01 13:22:45
Action One Executed,2025-04-01 13:22:51
Action Two Executed,2025-04-01 13:22:58
Action One Executed,2025-04-01 13:23:03
Action Two Executed,2025-04-01 13:23:10
Action Two Executed,2025-04-01 13:23:18
Action One Executed,2025-04-01 13:23:31
Action Two Executed,2025-04-01 13:23:38
Action Two Executed,2025-04-01 13:23:46
Action One Executed,2025-04-01 13:23:51
Action Two Executed,2025-04-01 13:23:58
Action One Executed,2025-04-01 13:24:04
Action Two Executed,2025-04-01 13:24:11
Action One Executed,2025-04-01 13:24:16
Action Two Executed,2025-04-01 13:24:23
Action One Executed,2025-04-01 13:24:28
Action Two Executed,2025-04-01 13:24:35
Action Two Executed,2025-04-01 13:24:44
Action One Executed,2025-04-01 13:24:50
Action Two Executed,2025-04-01 13:24:56
Action One Executed,2025-04-01 13:25:02
Action Two Executed,2025-04-01 13:25:09
Action One Executed,2025-04-01 13:25:22
Action Two Executed,2025-04-01 13:25:28
Action One Executed,2025-04-01 13:25:33
Action Two Executed,2025-04-01 13:25:40
Action One Executed,2025-04-01 13:25:45
Action Two Executed,2025-04-01 13:25:52
Action One Executed,2025-04-01 13:25:56
Action Two Executed,2025-04-01 13:26:02
Action One Executed,2025-04-01 13:26:09
Action Two Executed,2025-04-01 13:26:15
Action One Executed,2025-04-01 13:26:21
Action Two Executed,2025-04-01 13:26:27
Action One Executed,2025-04-01 17:09:20
Action Two Executed,2025-04-01 17:09:27
Action One Executed,2025-04-01 17:09:35
Action Two Executed,2025-04-01 17:09:41
Action One Executed,2025-04-01 17:10:01
Action Two Executed,2025-04-01 17:10:08
Action One Executed,2025-04-01 17:10:13
Action Two Executed,2025-04-01 17:10:19
Action Two Executed,2025-04-01 17:10:58
Action One Executed,2025-04-01 17:11:29
Action Two Executed,2025-04-01 17:11:36
Action One Executed,2025-04-01 17:11:41
Action Two Executed,2025-04-01 17:11:47
Action Two Executed,2025-04-01 17:11:55
Action One Executed,2025-04-01 17:12:02
Action Two Executed,2025-04-01 17:12:09
Action One Executed,2025-04-01 17:12:20
Action Two Executed,2025-04-01 17:12:27
Action One Executed,2025-04-01 17:12:34
Action Two Executed,2025-04-01 17:12:41
Action One Executed,2025-04-01 17:12:46
Action Two Executed,2025-04-01 17:12:52
Action One Executed,2025-04-01 17:13:29
Action Two Executed,2025-04-01 17:13:35
Action One Executed,2025-04-01 17:13:48
Action Two Executed,2025-04-01 17:13:54
Action One Executed,2025-04-01 17:14:15
Action Two Executed,2025-04-01 17:14:22
Action One Executed,2025-04-01 17:14:28
Action Two Executed,2025-04-01 17:14:35
Action One Executed,2025-04-01 17:14:52
Action Two Executed,2025-04-01 17:14:59
Action One Executed,2025-04-01 17:15:06
Action Two Executed,2025-04-01 17:15:13
Action One Executed,2025-04-01 17:18:19
Action Two Executed,2025-04-01 17:18:26
Action One Executed,2025-04-01 17:18:43
Action Two Executed,2025-04-01 17:18:50
Action One Executed,2025-04-01 17:19:01
Action Two Executed,2025-04-01 17:19:08
Action Two Executed,2025-04-01 17:19:25
Action One Executed,2025-04-01 17:19:39
Action Two Executed,2025-04-01 17:19:46
Action One Executed,2025-04-01 17:19:54
Action Two Executed,2025-04-01 17:20:00
Action One Executed,2025-04-01 17:20:07
Action Two Executed,2025-04-01 17:20:14
Action One Executed,2025-04-01 17:20:29
Action Two Executed,2025-04-01 17:20:36
Action Two Executed,2025-04-01 17:20:47
Action One Executed,2025-04-01 17:21:30
Action Two Executed,2025-04-01 17:21:36
Action Two Executed,2025-04-01 17:21:49
Action One Executed,2025-04-01 17:21:59
Action Two Executed,2025-04-01 17:22:06
Action Two Executed,2025-04-01 17:22:14
Action Two Executed,2025-04-01 17:22:22
Action Two Executed,2025-04-01 17:22:45
Action One Executed,2025-04-01 17:22:53
Action Two Executed,2025-04-01 17:23:00
Action One Executed,2025-04-01 17:23:06
Action Two Executed,2025-04-01 17:23:13
Action One Executed,2025-04-01 17:23:23
Action Two Executed,2025-04-01 17:23:30
Action One Executed,2025-04-01 17:23:41
Action Two Executed,2025-04-01 17:23:47
Action One Executed,2025-04-01 17:23:56
Action Two Executed,2025-04-01 17:24:03
Action One Executed,2025-04-01 17:24:13
Action Two Executed,2025-04-01 17:24:20
Action One Executed,2025-04-01 17:24:31
Action Two Executed,2025-04-01 17:24:38
Action Two Executed,2025-04-01 17:24:48
Action One Executed,2025-04-01 17:24:58
Action Two Executed,2025-04-01 17:25:04
Action One Executed,2025-04-01 17:25:16
Action Two Executed,2025-04-01 17:25:22
Action One Executed,2025-04-01 17:25:38
Action Two Executed,2025-04-01 17:25:45
Action One Executed,2025-04-01 17:25:54
Action Two Executed,2025-04-01 17:26:00
Action One Executed,2025-04-01 17:26:11
Action Two Executed,2025-04-01 17:26:17
Action One Executed,2025-04-01 17:26:31
Action Two Executed,2025-04-01 17:26:37
Action One Executed,2025-04-01 17:26:52
Action Two Executed,2025-04-01 17:26:59
Action One Executed,2025-04-01 17:27:04
Action Two Executed,2025-04-01 17:27:11
Action One Executed,2025-04-01 17:27:16
Action Two Executed,2025-04-01 17:27:22
Action One Executed,2025-04-01 17:27:30
Action Two Executed,2025-04-01 17:27:37
Action One Executed,2025-04-01 17:27:42
Action Two Executed,2025-04-01 17:27:49
Action One Executed,2025-04-01 17:27:56
Action Two Executed,2025-04-01 17:28:02
Action One Executed,2025-04-01 17:28:12
Action Two Executed,2025-04-01 17:28:18
Action Two Executed,2025-04-01 17:28:29
Action One Executed,2025-04-01 17:28:45
Action Two Executed,2025-04-01 17:28:51
Action One Executed,2025-04-01 17:29:01
Action Two Executed,2025-04-01 17:29:07
Action One Executed,2025-04-01 17:29:13
Action Two Executed,2025-04-01 17:29:19
Action One Executed,2025-04-01 17:30:37
Action Two Executed,2025-04-01 17:30:43
Action One Executed,2025-04-01 17:31:04
Action Two Executed,2025-04-01 17:31:10
Action One Executed,2025-04-02 07:12:44
Action Two Executed,2025-04-02 07:12:51
Action One Executed,2025-04-02 07:13:14
Action Two Executed,2025-04-02 07:13:21
Action One Executed,2025-04-02 07:21:31
Action Two Executed,2025-04-02 07:21:39
Action One Executed,2025-04-02 07:21:57
Action Two Executed,2025-04-02 07:22:07
Action One Executed,2025-04-02 07:22:17
Action Two Executed,2025-04-02 07:22:24
Action One Executed,2025-04-02 07:22:28
Action Two Executed,2025-04-02 07:22:34
Action One Executed,2025-04-02 07:22:39
Action Two Executed,2025-04-02 07:22:45
Action One Executed,2025-04-02 07:22:49
Action Two Executed,2025-04-02 07:22:56
Action Two Executed,2025-04-02 07:23:06
Action One Executed,2025-04-02 07:23:12
Action Two Executed,2025-04-02 07:23:19
Action One Executed,2025-04-02 07:52:45
Action Two Executed,2025-04-02 07:52:52
Action Two Executed,2025-04-02 07:53:04
Action One Executed,2025-04-02 08:47:38
Action Two Executed,2025-04-02 08:47:45
Action Two Executed,2025-04-02 08:47:53
Action One Executed,2025-04-02 08:49:15
Action Two Executed,2025-04-02 08:49:21
Action One Executed,2025-04-02 08:50:22
Action Two Executed,2025-04-02 08:50:28
Action Two Executed,2025-04-02 08:50:39
Action One Executed,2025-04-02 08:51:11
Action Two Executed,2025-04-02 08:51:17
Action Two Executed,2025-04-02 08:51:27
Action One Executed,2025-04-02 08:52:01
Action Two Executed,2025-04-02 08:52:08
Action One Executed,2025-04-02 08:52:21
Action Two Executed,2025-04-02 08:52:28
Action One Executed,2025-04-02 08:53:20
Action Two Executed,2025-04-02 08:53:27
Action One Executed,2025-04-02 08:54:08
Action Two Executed,2025-04-02 08:54:14
Action One Executed,2025-04-02 08:54:37
Action Two Executed,2025-04-02 08:54:44
Action One Executed,2025-04-02 08:55:10
Action Two Executed,2025-04-02 08:55:16
Action Two Executed,2025-04-02 08:55:29
Action One Executed,2025-04-02 08:55:41
Action Two Executed,2025-04-02 08:55:48
Action One Executed,2025-04-02 08:56:42
Action Two Executed,2025-04-02 08:56:48
Action One Executed,2025-04-02 08:57:20
Action Two Executed,2025-04-02 08:57:26
Action One Executed,2025-04-02 08:57:47
Action Two Executed,2025-04-02 08:57:53
Action One Executed,2025-04-02 08:58:09
Action Two Executed,2025-04-02 08:58:16
Action One Executed,2025-04-02 08:59:21
Action Two Executed,2025-04-02 08:59:28
Action One Executed,2025-04-02 09:00:00
Action Two Executed,2025-04-02 09:00:06
Action One Executed,2025-04-02 09:00:25
Action Two Executed,2025-04-02 09:00:32
Action One Executed,2025-04-02 09:00:57
Action Two Executed,2025-04-02 09:01:03
Action One Executed,2025-04-02 09:01:09
Action Two Executed,2025-04-02 09:01:16
Action Two Executed,2025-04-02 09:01:44
Action One Executed,2025-04-02 09:01:53
Action Two Executed,2025-04-02 09:02:00
Action One Executed,2025-04-02 09:02:09
Action Two Executed,2025-04-02 09:02:16
Action One Executed,2025-04-02 09:02:33
Action Two Executed,2025-04-02 09:02:40
Action One Executed,2025-04-02 09:03:02
Action Two Executed,2025-04-02 09:03:09
Action One Executed,2025-04-02 09:03:20
Action Two Executed,2025-04-02 09:03:26
Action One Executed,2025-04-02 09:03:38
Action Two Executed,2025-04-02 09:03:45
Action One Executed,2025-04-02 09:04:04
Action Two Executed,2025-04-02 09:04:11
Action Two Executed,2025-04-02 09:04:24
Action One Executed,2025-04-02 09:11:59
Action Two Executed,2025-04-02 09:12:06
Action One Executed,2025-04-02 09:12:15
Action Two Executed,2025-04-02 09:12:22
Action One Executed,2025-04-02 09:12:54
Action Two Executed,2025-04-02 09:13:01
Action One Executed,2025-04-02 09:13:27
Action Two Executed,2025-04-02 09:13:34
Action One Executed,2025-04-02 09:15:04
Action Two Executed,2025-04-02 09:15:11
Action One Executed,2025-04-02 09:15:38
Action Two Executed,2025-04-02 09:15:45
Action One Executed,2025-04-02 09:16:06
Action Two Executed,2025-04-02 09:16:12
Action Two Executed,2025-04-02 09:16:25
Action One Executed,2025-04-02 09:17:58
Action Two Executed,2025-04-02 09:18:05
Action One Executed,2025-04-02 09:18:57
Action Two Executed,2025-04-02 09:19:04
Action One Executed,2025-04-02 09:19:17
Action Two Executed,2025-04-02 09:19:24
Action One Executed,2025-04-02 09:19:30
Action Two Executed,2025-04-02 09:19:37
Action One Executed,2025-04-02 09:19:44
Action Two Executed,2025-04-02 09:19:51
Action One Executed,2025-04-02 09:20:01
Action Two Executed,2025-04-02 09:20:08
Action Two Executed,2025-04-02 09:20:16
Action One Executed,2025-04-02 09:22:42
Action Two Executed,2025-04-02 09:22:49
Action One Executed,2025-04-02 09:23:04
Action Two Executed,2025-04-02 09:23:10
Action One Executed,2025-04-02 09:23:40
Action Two Executed,2025-04-02 09:23:46
Action One Executed,2025-04-02 09:24:01
Action Two Executed,2025-04-02 09:24:07
Action One Executed,2025-04-02 09:24:16
Action Two Executed,2025-04-02 09:24:23
Action One Executed,2025-04-02 09:24:30
Action Two Executed,2025-04-02 09:24:36
Action One Executed,2025-04-02 09:25:18
Action Two Executed,2025-04-02 09:25:25
Action One Executed,2025-04-02 09:25:55
Action Two Executed,2025-04-02 09:26:01
Action One Executed,2025-04-02 09:26:05
Action Two Executed,2025-04-02 09:26:11
Action One Executed,2025-04-02 09:27:00
Action Two Executed,2025-04-02 09:27:07
Action One Executed,2025-04-02 09:27:55
Action Two Executed,2025-04-02 09:28:02
Action One Executed,2025-04-02 09:28:13
Action Two Executed,2025-04-02 09:28:20
Action Two Executed,2025-04-02 09:28:28
Action One Executed,2025-04-02 09:28:36
Action Two Executed,2025-04-02 09:28:43
Action Two Executed,2025-04-02 09:28:58
Action One Executed,2025-04-02 09:29:47
Action Two Executed,2025-04-02 09:29:54
Action One Executed,2025-04-02 13:33:12
Action Two Executed,2025-04-02 13:33:18
Action One Executed,2025-04-02 13:33:46
Action Two Executed,2025-04-02 13:33:53
Action One Executed,2025-04-02 13:36:22
Action Two Executed,2025-04-02 13:36:29
Action One Executed,2025-04-02 13:38:23
Action Two Executed,2025-04-02 13:38:29
Action Two Executed,2025-04-02 13:38:41
Action One Executed,2025-04-02 13:40:31
Action Two Executed,2025-04-02 13:40:38
Action Two Executed,2025-04-02 13:41:04
Action One Executed,2025-04-02 13:43:29
Action Two Executed,2025-04-02 13:43:36
Action One Executed,2025-04-02 13:47:47
Action One Executed,2025-04-02 13:48:02
Action Two Executed,2025-04-02 13:48:09
Action One Executed,2025-04-02 13:51:19
Action Two Executed,2025-04-02 13:51:26
Action One Executed,2025-04-02 13:53:39
Action Two Executed,2025-04-02 13:53:45
Action One Executed,2025-04-02 13:55:14
Action Two Executed,2025-04-02 13:55:21
Action One Executed,2025-04-02 13:56:01
Action Two Executed,2025-04-02 13:56:08
Action One Executed,2025-04-02 13:56:46
Action Two Executed,2025-04-02 13:56:52
Action One Executed,2025-04-02 13:57:36
Action Two Executed,2025-04-02 13:57:43
Action Two Executed,2025-04-02 13:57:54
Action One Executed,2025-04-02 13:58:27
Action Two Executed,2025-04-02 13:58:34
Action One Executed,2025-04-02 13:59:23
Action Two Executed,2025-04-02 13:59:30
Action One Executed,2025-04-02 13:59:55
Action Two Executed,2025-04-02 14:00:02
Action One Executed,2025-04-02 14:00:17
Action Two Executed,2025-04-02 14:00:24
Action One Executed,2025-04-02 14:00:33
Action Two Executed,2025-04-02 14:00:39
Action One Executed,2025-04-02 14:00:46
Action Two Executed,2025-04-02 14:00:52
Action Two Executed,2025-04-02 14:01:02
Action One Executed,2025-04-02 14:01:41
Action Two Executed,2025-04-02 14:01:47
Action One Executed,2025-04-02 14:02:07
Action Two Executed,2025-04-02 14:02:13
Action One Executed,2025-04-02 14:02:29
Action Two Executed,2025-04-02 14:02:36
Action One Executed,2025-04-02 14:03:05
Action Two Executed,2025-04-02 14:03:11
Action Two Executed,2025-04-02 14:03:23
Action One Executed,2025-04-02 14:03:38
Action Two Executed,2025-04-02 14:03:45
Action One Executed,2025-04-02 14:03:58
Action Two Executed,2025-04-02 14:04:05
Action One Executed,2025-04-02 14:04:14
Action Two Executed,2025-04-02 14:04:21
Action Two Executed,2025-04-02 14:04:46
Action One Executed,2025-04-02 14:05:04
Action Two Executed,2025-04-02 14:05:11
Action One Executed,2025-04-02 14:05:31
Action Two Executed,2025-04-02 14:05:37
Action One Executed,2025-04-02 14:05:56
Action Two Executed,2025-04-02 14:06:03
Action One Executed,2025-04-02 14:06:18
Action Two Executed,2025-04-02 14:06:25
Action Two Executed,2025-04-02 14:06:33
Action One Executed,2025-04-02 14:06:41
Action Two Executed,2025-04-02 14:06:48
Action One Executed,2025-04-02 14:06:54
Action Two Executed,2025-04-02 14:07:01
Action One Executed,2025-04-02 14:07:11
Action Two Executed,2025-04-02 14:07:17
Action One Executed,2025-04-02 14:07:30
Action Two Executed,2025-04-02 14:07:37
Action One Executed,2025-04-02 14:07:52
Action Two Executed,2025-04-02 14:07:59
Action One Executed,2025-04-02 14:08:15
Action Two Executed,2025-04-02 14:08:21
Action One Executed,2025-04-02 14:08:33
Action Two Executed,2025-04-02 14:08:39
Action Two Executed,2025-04-02 14:08:49
Action One Executed,2025-04-02 14:09:00
Action Two Executed,2025-04-02 14:09:07
Action One Executed,2025-04-02 14:09:26
Action Two Executed,2025-04-02 14:09:32
Action One Executed,2025-04-02 14:09:40
Action Two Executed,2025-04-02 14:09:47
Action One Executed,2025-04-02 14:09:56
Action Two Executed,2025-04-02 14:10:02
Action One Executed,2025-04-02 14:10:15
Action Two Executed,2025-04-02 14:10:22
Action One Executed,2025-04-02 14:10:35
Action Two Executed,2025-04-02 14:10:42
Action Two Executed,2025-04-02 14:11:12
Action One Executed,2025-04-02 14:11:41
Action Two Executed,2025-04-02 14:11:47
Action One Executed,2025-04-02 14:12:14
Action Two Executed,2025-04-02 14:12:21
Action Two Executed,2025-04-02 14:12:34
Action One Executed,2025-04-02 14:14:37
Action Two Executed,2025-04-02 14:14:44
Action Two Executed,2025-04-02 14:14:57
Action One Executed,2025-04-02 14:15:44
Action Two Executed,2025-04-02 14:15:50
Action One Executed,2025-04-02 14:19:19
Action Two Executed,2025-04-02 14:19:26
Action One Executed,2025-04-02 14:19:41
Action Two Executed,2025-04-02 14:19:48
Action Two Executed,2025-04-02 14:21:07
Action One Executed,2025-04-02 14:22:22
Action Two Executed,2025-04-02 14:22:28
Action One Executed,2025-04-02 14:22:36
Action Two Executed,2025-04-02 14:22:42
Action One Executed,2025-04-02 14:22:55
Action Two Executed,2025-04-02 14:23:02
Action Two Executed,2025-04-02 14:24:28
Action One Executed,2025-04-02 14:25:33
Action Two Executed,2025-04-02 14:25:40
Action One Executed,2025-04-02 14:25:52
Action Two Executed,2025-04-02 14:25:59
Action Two Executed,2025-04-02 14:26:11
Action One Executed,2025-04-02 14:26:45
Action Two Executed,2025-04-02 14:26:51
Action One Executed,2025-04-02 14:29:08
Action Two Executed,2025-04-02 14:29:16
Action One Executed,2025-04-02 14:50:32
Action Two Executed,2025-04-02 14:50:39
Action Two Executed,2025-04-02 14:50:46
Action One Executed,2025-04-02 14:51:00
Action Two Executed,2025-04-02 14:51:07
Action One Executed,2025-04-02 14:51:19
Action Two Executed,2025-04-02 14:51:26
Action Two Executed,2025-04-02 14:51:46
Action One Executed,2025-04-02 14:52:27
Action Two Executed,2025-04-02 14:52:34
Action Two Executed,2025-04-02 14:52:46
Action One Executed,2025-04-02 14:53:10
Action Two Executed,2025-04-02 14:53:17
Action One Executed,2025-04-02 14:53:46
Action Two Executed,2025-04-02 14:53:53
Action One Executed,2025-04-02 14:54:40
Action Two Executed,2025-04-02 14:54:46
Action One Executed,2025-04-02 14:54:59
Action Two Executed,2025-04-02 14:55:06
Action One Executed,2025-04-02 14:55:19
Action Two Executed,2025-04-02 14:55:26
Action One Executed,2025-04-02 14:55:40
Action Two Executed,2025-04-02 14:55:47
Action Two Executed,2025-04-02 14:55:56
Action One Executed,2025-04-02 14:56:08
Action Two Executed,2025-04-02 14:56:15
Action One Executed,2025-04-02 14:56:40
Action Two Executed,2025-04-02 14:56:47
Action One Executed,2025-04-02 14:57:28
Action Two Executed,2025-04-02 14:57:35
Action One Executed,2025-04-02 14:58:07
Action Two Executed,2025-04-02 14:58:13
Action One Executed,2025-04-02 14:58:28
Action Two Executed,2025-04-02 14:58:35
Action One Executed,2025-04-02 14:58:43
Action Two Executed,2025-04-02 14:58:50
Action One Executed,2025-04-02 15:00:27
Action Two Executed,2025-04-02 15:00:33
Action One Executed,2025-04-02 15:00:42
Action Two Executed,2025-04-02 15:00:48
Action One Executed,2025-04-02 15:01:09
Action Two Executed,2025-04-02 15:01:16
Action Two Executed,2025-04-02 15:01:24
Action One Executed,2025-04-02 15:01:35
Action Two Executed,2025-04-02 15:01:41
Action Two Executed,2025-04-02 15:01:55
Action One Executed,2025-04-02 15:02:20
Action Two Executed,2025-04-02 15:02:27
Action One Executed,2025-04-02 15:03:05
Action Two Executed,2025-04-02 15:03:12
Action One Executed,2025-04-02 15:03:35
Action Two Executed,2025-04-02 15:03:42
Action One Executed,2025-04-02 15:03:52
Action Two Executed,2025-04-02 15:03:59
Action One Executed,2025-04-02 15:04:05
Action Two Executed,2025-04-02 15:04:12
Action One Executed,2025-04-02 15:04:34
Action Two Executed,2025-04-02 15:04:41
Action One Executed,2025-04-02 15:04:51
Action Two Executed,2025-04-02 15:04:58
Action Two Executed,2025-04-02 15:05:06
Action One Executed,2025-04-02 15:05:12
Action Two Executed,2025-04-02 15:05:19
Action One Executed,2025-04-02 15:05:44
Action Two Executed,2025-04-02 15:05:51
Action One Executed,2025-04-02 15:05:59
Action Two Executed,2025-04-02 15:06:05
Action Two Executed,2025-04-02 15:06:13
Action One Executed,2025-04-02 15:06:29
Action Two Executed,2025-04-02 15:06:35
Action One Executed,2025-04-02 15:06:50
Action Two Executed,2025-04-02 15:06:57
Action One Executed,2025-04-02 15:07:07
Action Two Executed,2025-04-02 15:07:13
Action Two Executed,2025-04-02 15:07:25
Action One Executed,2025-04-02 15:07:39
Action Two Executed,2025-04-02 15:07:45
Action One Executed,2025-04-02 15:07:54
Action Two Executed,2025-04-02 15:08:01
Action One Executed,2025-04-02 15:08:08
Action Two Executed,2025-04-02 15:08:15
Action Two Executed,2025-04-02 15:08:26
Action One Executed,2025-04-02 15:08:54
Action Two Executed,2025-04-02 15:09:01
Action One Executed,2025-04-02 15:09:12
Action Two Executed,2025-04-02 15:09:19
Action One Executed,2025-04-02 15:09:39
Action Two Executed,2025-04-02 15:09:45
Action Two Executed,2025-04-02 15:09:56
Action One Executed,2025-04-02 15:10:43
Action Two Executed,2025-04-02 15:10:50
Action One Executed,2025-04-02 15:35:34
Action Two Executed,2025-04-02 15:35:41
Action Two Executed,2025-04-02 15:35:49
Action One Executed,2025-04-02 15:36:00
Action Two Executed,2025-04-02 15:36:06
Action One Executed,2025-04-02 15:36:17
Action Two Executed,2025-04-02 15:36:23
Action One Executed,2025-04-02 15:36:31
Action Two Executed,2025-04-02 15:36:38
Action One Executed,2025-04-02 15:36:49
Action Two Executed,2025-04-02 15:36:56
Action One Executed,2025-04-02 15:37:08
Action Two Executed,2025-04-02 15:37:15
Action One Executed,2025-04-02 15:37:23
Action Two Executed,2025-04-02 15:37:30
Action One Executed,2025-04-02 15:38:07
Action Two Executed,2025-04-02 15:38:13
Action One Executed,2025-04-02 15:38:34
Action Two Executed,2025-04-02 15:38:41
Action One Executed,2025-04-02 15:38:59
Action Two Executed,2025-04-02 15:39:06
Action One Executed,2025-04-02 15:39:53
Action Two Executed,2025-04-02 15:39:59
Action One Executed,2025-04-02 15:41:20
Action Two Executed,2025-04-02 15:41:27
Action One Executed,2025-04-02 15:42:16
Action Two Executed,2025-04-02 15:42:23
Action One Executed,2025-04-02 15:42:36
Action Two Executed,2025-04-02 15:42:43
Action One Executed,2025-04-02 15:42:58
Action Two Executed,2025-04-02 15:43:05
Action One Executed,2025-04-02 15:43:29
Action Two Executed,2025-04-02 15:43:35
Action Two Executed,2025-04-02 15:44:30
Action One Executed,2025-04-02 15:45:27
Action Two Executed,2025-04-02 15:45:34
Action One Executed,2025-04-02 15:45:42
Action Two Executed,2025-04-02 15:45:49
Action One Executed,2025-04-02 15:45:54
Action Two Executed,2025-04-02 15:46:01
Action One Executed,2025-04-02 15:46:09
Action Two Executed,2025-04-02 15:46:16
Action One Executed,2025-04-02 15:46:21
Action Two Executed,2025-04-02 15:46:28
Action Two Executed,2025-04-02 15:46:37
Action One Executed,2025-04-02 15:46:44
Action Two Executed,2025-04-02 15:46:51
Action One Executed,2025-04-02 15:47:23
Action Two Executed,2025-04-02 15:47:30
Action One Executed,2025-04-02 15:48:27
Action Two Executed,2025-04-02 15:48:34
Action One Executed,2025-04-02 15:49:02
Action Two Executed,2025-04-02 15:49:09
Action One Executed,2025-04-02 15:49:14
Action Two Executed,2025-04-02 15:49:21
Action One Executed,2025-04-02 15:49:26
Action Two Executed,2025-04-02 15:49:33
Action Two Executed,2025-04-02 15:49:42
Action One Executed,2025-04-02 15:49:48
Action Two Executed,2025-04-02 15:49:54
Action One Executed,2025-04-02 15:51:14
Action Two Executed,2025-04-02 15:51:21
Action One Executed,2025-04-02 15:51:51
Action Two Executed,2025-04-02 15:51:58
Action Two Executed,2025-04-02 15:53:18
Action One Executed,2025-04-02 15:53:34
Action Two Executed,2025-04-02 15:53:41
Action Two Executed,2025-04-02 15:53:55
Action One Executed,2025-04-02 15:54:25
Action Two Executed,2025-04-02 15:54:32
Action One Executed,2025-04-02 15:55:08
Action Two Executed,2025-04-02 15:55:15
Action One Executed,2025-04-02 15:55:20
Action Two Executed,2025-04-02 15:55:26
Action One Executed,2025-04-02 15:55:30
Action Two Executed,2025-04-02 15:55:37
Action Two Executed,2025-04-02 15:55:44
Action Two Executed,2025-04-02 15:55:58
Action One Executed,2025-04-02 15:56:13
Action Two Executed,2025-04-02 15:56:20
Action One Executed,2025-04-02 15:56:46
Action Two Executed,2025-04-02 15:56:52
Action Two Executed,2025-04-02 15:57:18
Action One Executed,2025-04-02 15:57:46
Action Two Executed,2025-04-02 15:57:53
Action One Executed,2025-04-02 15:57:58
Action Two Executed,2025-04-02 15:58:05
Action One Executed,2025-04-02 15:58:11
Action Two Executed,2025-04-02 15:58:17
Action Two Executed,2025-04-02 15:58:25
Action One Executed,2025-04-02 15:58:38
Action Two Executed,2025-04-02 15:58:45
Action One Executed,2025-04-02 15:58:50
Action Two Executed,2025-04-02 15:58:57
Action Two Executed,2025-04-02 15:59:04
Action One Executed,2025-04-02 15:59:11
Action Two Executed,2025-04-02 15:59:18
Action Two Executed,2025-04-02 15:59:26
Action One Executed,2025-04-02 15:59:48
Action Two Executed,2025-04-02 15:59:55
Action One Executed,2025-04-02 16:00:02
Action Two Executed,2025-04-02 16:00:08
Action One Executed,2025-04-02 16:00:14
Action Two Executed,2025-04-02 16:00:21
Action One Executed,2025-04-02 16:00:27
Action Two Executed,2025-04-02 16:00:33
Action Two Executed,2025-04-02 16:00:42
Action One Executed,2025-04-02 16:00:48
Action Two Executed,2025-04-02 16:00:55
Action One Executed,2025-04-02 16:01:01
Action Two Executed,2025-04-02 16:01:08
Action One Executed,2025-04-02 16:01:17
Action Two Executed,2025-04-02 16:01:23
Action One Executed,2025-04-02 16:01:32
Action Two Executed,2025-04-02 16:01:39
Action One Executed,2025-04-02 16:01:44
Action Two Executed,2025-04-02 16:01:50
Action One Executed,2025-04-02 16:01:54
Action Two Executed,2025-04-02 16:02:01
Action One Executed,2025-04-02 16:02:06
Action Two Executed,2025-04-02 16:02:13
Action One Executed,2025-04-02 16:03:01
Action Two Executed,2025-04-02 16:03:07
Action Two Executed,2025-04-02 16:03:14
Action One Executed,2025-04-02 16:03:20
Action Two Executed,2025-04-02 16:03:27
Action One Executed,2025-04-02 16:03:34
Action Two Executed,2025-04-02 16:03:41
Action One Executed,2025-04-02 16:03:53
Action Two Executed,2025-04-02 16:03:59
Action Two Executed,2025-04-02 16:04:07
Action One Executed,2025-04-02 16:04:42
Action Two Executed,2025-04-02 16:04:49
Action Two Executed,2025-04-02 16:04:57
Action One Executed,2025-04-02 16:07:01
Action Two Executed,2025-04-02 16:07:08
Action Two Executed,2025-04-02 16:07:43
Action One Executed,2025-04-02 17:07:46
Action Two Executed,2025-04-02 17:07:52
Action One Executed,2025-04-02 17:08:11
Action Two Executed,2025-04-02 17:08:18
Action One Executed,2025-04-02 17:09:48
Action Two Executed,2025-04-02 17:09:54
Action Two Executed,2025-04-02 17:10:19
Action One Executed,2025-04-02 17:10:26
Action Two Executed,2025-04-02 17:10:32
Action One Executed,2025-04-02 17:10:44
Action Two Executed,2025-04-02 17:10:51
Action One Executed,2025-04-02 17:11:00
Action Two Executed,2025-04-02 17:11:06
Action Two Executed,2025-04-02 17:11:10
Action Two Executed,2025-04-02 17:11:23
Action One Executed,2025-04-02 17:11:41
Action Two Executed,2025-04-02 17:11:48
Action One Executed,2025-04-02 17:12:04
Action Two Executed,2025-04-02 17:12:10
Action One Executed,2025-04-02 17:13:37
Action Two Executed,2025-04-02 17:13:43
Action One Executed,2025-04-02 17:13:52
Action Two Executed,2025-04-02 17:13:59
Action One Executed,2025-04-02 22:36:22
Action Two Executed,2025-04-02 22:36:28
Action One Executed,2025-04-02 22:36:46
Action Two Executed,2025-04-02 22:36:52
Action One Executed,2025-04-02 22:37:04
Action Two Executed,2025-04-02 22:37:10
Action One Executed,2025-04-02 22:37:30
Action Two Executed,2025-04-02 22:37:36
Action Two Executed,2025-04-02 22:37:48
Action One Executed,2025-04-02 22:37:56
Action Two Executed,2025-04-02 22:38:03
Action One Executed,2025-04-02 22:38:12
Action Two Executed,2025-04-02 22:38:19
Action One Executed,2025-04-02 22:38:33
Action Two Executed,2025-04-02 22:38:39
Action Two Executed,2025-04-02 22:38:50
Action One Executed,2025-04-02 22:39:04
Action Two Executed,2025-04-02 22:39:11
Action One Executed,2025-04-02 22:39:24
Action Two Executed,2025-04-02 22:39:31
Action One Executed,2025-04-02 22:39:56
Action Two Executed,2025-04-02 22:40:03
Action One Executed,2025-04-02 22:40:07
Action Two Executed,2025-04-02 22:40:14
Action One Executed,2025-04-02 22:40:20
Action Two Executed,2025-04-02 22:40:27
Action One Executed,2025-04-02 22:40:34
Action Two Executed,2025-04-02 22:40:41
Action One Executed,2025-04-02 22:40:52
Action Two Executed,2025-04-02 22:40:59
Action Two Executed,2025-04-02 22:41:03
Action Two Executed,2025-04-02 22:41:14
Action One Executed,2025-04-02 22:41:20
Action Two Executed,2025-04-02 22:41:26
Action Two Executed,2025-04-02 22:41:32
Action Two Executed,2025-04-02 22:41:41
Action One Executed,2025-04-02 22:42:08
Action Two Executed,2025-04-02 22:42:15
Action One Executed,2025-04-02 22:42:45
Action Two Executed,2025-04-02 22:42:52
Action One Executed,2025-04-02 22:42:57
Action Two Executed,2025-04-02 22:43:04
Action One Executed,2025-04-02 22:43:11
Action Two Executed,2025-04-02 22:43:18
Action One Executed,2025-04-02 22:43:33
Action Two Executed,2025-04-02 22:43:40
Action One Executed,2025-04-02 22:43:48
Action Two Executed,2025-04-02 22:43:54
Action One Executed,2025-04-02 22:43:58
Action Two Executed,2025-04-02 22:44:05
Action One Executed,2025-04-02 22:44:17
Action Two Executed,2025-04-02 22:44:24
Action One Executed,2025-04-02 22:44:34
Action Two Executed,2025-04-02 22:44:41
Action One Executed,2025-04-02 22:44:48
Action Two Executed,2025-04-02 22:44:54
Action Two Executed,2025-04-02 22:45:05
Action One Executed,2025-04-02 22:46:12
Action Two Executed,2025-04-02 22:46:19
Action One Executed,2025-04-02 22:46:28
Action Two Executed,2025-04-02 22:46:35
Action One Executed,2025-04-02 22:52:09
Action Two Executed,2025-04-02 22:52:15
Action One Executed,2025-04-02 22:55:51
Action Two Executed,2025-04-02 22:55:57
Action One Executed,2025-04-02 22:56:08
Action Two Executed,2025-04-02 22:56:14
Action One Executed,2025-04-02 22:56:21
Action Two Executed,2025-04-02 22:56:27
Action Two Executed,2025-04-02 22:56:42
Action One Executed,2025-04-02 22:56:49
Action Two Executed,2025-04-02 22:56:56
Action One Executed,2025-04-02 22:57:02
Action Two Executed,2025-04-02 22:57:09
Action One Executed,2025-04-02 22:57:17
Action Two Executed,2025-04-02 22:57:23
Action One Executed,2025-04-02 22:57:29
Action Two Executed,2025-04-02 22:57:36
Action One Executed,2025-04-02 22:58:09
Action Two Executed,2025-04-02 22:58:16
